memberId,centerDistance,PSYCHOLOGICAL_COST_OF_RENTING_levelIndex,SENSITIVITY_RENT_OR_PURCHASE_levelIndex,BTL_PROBABILITY_MULTIPLIER_levelIndex,BTL_CHOICE_INTENSITY_levelIndex,MARKET_AVERAGE_PRICE_DECAY_levelIndex,PSYCHOLOGICAL_COST_OF_RENTING,SENSITIVITY_RENT_OR_PURCHASE,BTL_PROBABILITY_MULTIPLIER,BTL_CHOICE_INTENSITY,MARKET_AVERAGE_PRICE_DECAY
0,0,1,1,1,1,1,0.4,0.001,1.76,100.0,0.5
1,1,1,1,1,1,0,0.4,0.001,1.76,100.0,0.3
2,1,1,1,1,1,2,0.4,0.001,1.76,100.0,0.7
3,1,1,1,1,0,1,0.4,0.001,1.76,31.62,0.5
4,1,1,1,1,2,1,0.4,0.001,1.76,316.2,0.5
5,1,1,1,0,1,1,0.4,0.001,1.72,100.0,0.5
6,1,1,1,2,1,1,0.4,0.001,1.8,100.0,0.5
7,1,1,0,1,1,1,0.4,0.0003162,1.76,100.0,0.5
8,1,1,2,1,1,1,0.4,0.003162,1.76,100.0,0.5
9,1,0,1,1,1,1,0.3,0.001,1.76,100.0,0.5
10,1,2,1,1,1,1,0.5,0.001,1.76,100.0,0.5
11,2,1,1,1,0,0,0.4,0.001,1.76,31.62,0.3
12,2,1,1,1,0,2,0.4,0.001,1.76,31.62,0.7
13,2,1,1,1,2,0,0.4,0.001,1.76,316.2,0.3
14,2,1,1,1,2,2,0.4,0.001,1.76,316.2,0.7
15,2,1,1,0,1,0,0.4,0.001,1.72,100.0,0.3
16,2,1,1,0,1,2,0.4,0.001,1.72,100.0,0.7
17,2,1,1,2,1,0,0.4,0.001,1.8,100.0,0.3
18,2,1,1,2,1,2,0.4,0.001,1.8,100.0,0.7
19,2,1,1,0,0,1,0.4,0.001,1.72,31.62,0.5
20,2,1,1,0,2,1,0.4,0.001,1.72,316.2,0.5
21,2,1,1,2,0,1,0.4,0.001,1.8,31.62,0.5
22,2,1,1,2,2,1,0.4,0.001,1.8,316.2,0.5
23,2,1,0,1,1,0,0.4,0.0003162,1.76,100.0,0.3
24,2,1,0,1,1,2,0.4,0.0003162,1.76,100.0,0.7
25,2,1,2,1,1,0,0.4,0.003162,1.76,100.0,0.3
26,2,1,2,1,1,2,0.4,0.003162,1.76,100.0,0.7
27,2,1,0,1,0,1,0.4,0.0003162,1.76,31.62,0.5
28,2,1,0,1,2,1,0.4,0.0003162,1.76,316.2,0.5
29,2,1,2,1,0,1,0.4,0.003162,1.76,31.62,0.5
30,2,1,2,1,2,1,0.4,0.003162,1.76,316.2,0.5
31,2,1,0,0,1,1,0.4,0.0003162,1.72,100.0,0.5
32,2,1,0,2,1,1,0.4,0.0003162,1.8,100.0,0.5
33,2,1,2,0,1,1,0.4,0.003162,1.72,100.0,0.5
34,2,1,2,2,1,1,0.4,0.003162,1.8,100.0,0.5
35,2,0,1,1,1,0,0.3,0.001,1.76,100.0,0.3
36,2,0,1,1,1,2,0.3,0.001,1.76,100.0,0.7
37,2,2,1,1,1,0,0.5,0.001,1.76,100.0,0.3
38,2,2,1,1,1,2,0.5,0.001,1.76,100.0,0.7
39,2,0,1,1,0,1,0.3,0.001,1.76,31.62,0.5
40,2,0,1,1,2,1,0.3,0.001,1.76,316.2,0.5
41,2,2,1,1,0,1,0.5,0.001,1.76,31.62,0.5
42,2,2,1,1,2,1,0.5,0.001,1.76,316.2,0.5
43,2,0,1,0,1,1,0.3,0.001,1.72,100.0,0.5
44,2,0,1,2,1,1,0.3,0.001,1.8,100.0,0.5
45,2,2,1,0,1,1,0.5,0.001,1.72,100.0,0.5
46,2,2,1,2,1,1,0.5,0.001,1.8,100.0,0.5
47,2,0,0,1,1,1,0.3,0.0003162,1.76,100.0,0.5
48,2,0,2,1,1,1,0.3,0.003162,1.76,100.0,0.5
49,2,2,0,1,1,1,0.5,0.0003162,1.76,100.0,0.5
50,2,2,2,1,1,1,0.5,0.003162,1.76,100.0,0.5
51,3,1,1,0,0,0,0.4,0.001,1.72,31.62,0.3
52,3,1,1,0,0,2,0.4,0.001,1.72,31.62,0.7
53,3,1,1,0,2,0,0.4,0.001,1.72,316.2,0.3
54,3,1,1,0,2,2,0.4,0.001,1.72,316.2,0.7
55,3,1,1,2,0,0,0.4,0.001,1.8,31.62,0.3
56,3,1,1,2,0,2,0.4,0.001,1.8,31.62,0.7
57,3,1,1,2,2,0,0.4,0.001,1.8,316.2,0.3
58,3,1,1,2,2,2,0.4,0.001,1.8,316.2,0.7
59,3,1,0,1,0,0,0.4,0.0003162,1.76,31.62,0.3
60,3,1,0,1,0,2,0.4,0.0003162,1.76,31.62,0.7
61,3,1,0,1,2,0,0.4,0.0003162,1.76,316.2,0.3
62,3,1,0,1,2,2,0.4,0.0003162,1.76,316.2,0.7
63,3,1,2,1,0,0,0.4,0.003162,1.76,31.62,0.3
64,3,1,2,1,0,2,0.4,0.003162,1.76,31.62,0.7
65,3,1,2,1,2,0,0.4,0.003162,1.76,316.2,0.3
66,3,1,2,1,2,2,0.4,0.003162,1.76,316.2,0.7
67,3,1,0,0,1,0,0.4,0.0003162,1.72,100.0,0.3
68,3,1,0,0,1,2,0.4,0.0003162,1.72,100.0,0.7
69,3,1,0,2,1,0,0.4,0.0003162,1.8,100.0,0.3
70,3,1,0,2,1,2,0.4,0.0003162,1.8,100.0,0.7
71,3,1,2,0,1,0,0.4,0.003162,1.72,100.0,0.3
72,3,1,2,0,1,2,0.4,0.003162,1.72,100.0,0.7
73,3,1,2,2,1,0,0.4,0.003162,1.8,100.0,0.3
74,3,1,2,2,1,2,0.4,0.003162,1.8,100.0,0.7
75,3,1,0,0,0,1,0.4,0.0003162,1.72,31.62,0.5
76,3,1,0,0,2,1,0.4,0.0003162,1.72,316.2,0.5
77,3,1,0,2,0,1,0.4,0.0003162,1.8,31.62,0.5
78,3,1,0,2,2,1,0.4,0.0003162,1.8,316.2,0.5
79,3,1,2,0,0,1,0.4,0.003162,1.72,31.62,0.5
80,3,1,2,0,2,1,0.4,0.003162,1.72,316.2,0.5
81,3,1,2,2,0,1,0.4,0.003162,1.8,31.62,0.5
82,3,1,2,2,2,1,0.4,0.003162,1.8,316.2,0.5
83,3,0,1,1,0,0,0.3,0.001,1.76,31.62,0.3
84,3,0,1,1,0,2,0.3,0.001,1.76,31.62,0.7
85,3,0,1,1,2,0,0.3,0.001,1.76,316.2,0.3
86,3,0,1,1,2,2,0.3,0.001,1.76,316.2,0.7
87,3,2,1,1,0,0,0.5,0.001,1.76,31.62,0.3
88,3,2,1,1,0,2,0.5,0.001,1.76,31.62,0.7
89,3,2,1,1,2,0,0.5,0.001,1.76,316.2,0.3
90,3,2,1,1,2,2,0.5,0.001,1.76,316.2,0.7
91,3,0,1,0,1,0,0.3,0.001,1.72,100.0,0.3
92,3,0,1,0,1,2,0.3,0.001,1.72,100.0,0.7
93,3,0,1,2,1,0,0.3,0.001,1.8,100.0,0.3
94,3,0,1,2,1,2,0.3,0.001,1.8,100.0,0.7
95,3,2,1,0,1,0,0.5,0.001,1.72,100.0,0.3
96,3,2,1,0,1,2,0.5,0.001,1.72,100.0,0.7
97,3,2,1,2,1,0,0.5,0.001,1.8,100.0,0.3
98,3,2,1,2,1,2,0.5,0.001,1.8,100.0,0.7
99,3,0,1,0,0,1,0.3,0.001,1.72,31.62,0.5
100,3,0,1,0,2,1,0.3,0.001,1.72,316.2,0.5
101,3,0,1,2,0,1,0.3,0.001,1.8,31.62,0.5
102,3,0,1,2,2,1,0.3,0.001,1.8,316.2,0.5
103,3,2,1,0,0,1,0.5,0.001,1.72,31.62,0.5
104,3,2,1,0,2,1,0.5,0.001,1.72,316.2,0.5
105,3,2,1,2,0,1,0.5,0.001,1.8,31.62,0.5
106,3,2,1,2,2,1,0.5,0.001,1.8,316.2,0.5
107,3,0,0,1,1,0,0.3,0.0003162,1.76,100.0,0.3
108,3,0,0,1,1,2,0.3,0.0003162,1.76,100.0,0.7
109,3,0,2,1,1,0,0.3,0.003162,1.76,100.0,0.3
110,3,0,2,1,1,2,0.3,0.003162,1.76,100.0,0.7
111,3,2,0,1,1,0,0.5,0.0003162,1.76,100.0,0.3
112,3,2,0,1,1,2,0.5,0.0003162,1.76,100.0,0.7
113,3,2,2,1,1,0,0.5,0.003162,1.76,100.0,0.3
114,3,2,2,1,1,2,0.5,0.003162,1.76,100.0,0.7
115,3,0,0,1,0,1,0.3,0.0003162,1.76,31.62,0.5
116,3,0,0,1,2,1,0.3,0.0003162,1.76,316.2,0.5
117,3,0,2,1,0,1,0.3,0.003162,1.76,31.62,0.5
118,3,0,2,1,2,1,0.3,0.003162,1.76,316.2,0.5
119,3,2,0,1,0,1,0.5,0.0003162,1.76,31.62,0.5
120,3,2,0,1,2,1,0.5,0.0003162,1.76,316.2,0.5
121,3,2,2,1,0,1,0.5,0.003162,1.76,31.62,0.5
122,3,2,2,1,2,1,0.5,0.003162,1.76,316.2,0.5
123,3,0,0,0,1,1,0.3,0.0003162,1.72,100.0,0.5
124,3,0,0,2,1,1,0.3,0.0003162,1.8,100.0,0.5
125,3,0,2,0,1,1,0.3,0.003162,1.72,100.0,0.5
126,3,0,2,2,1,1,0.3,0.003162,1.8,100.0,0.5
127,3,2,0,0,1,1,0.5,0.0003162,1.72,100.0,0.5
128,3,2,0,2,1,1,0.5,0.0003162,1.8,100.0,0.5
129,3,2,2,0,1,1,0.5,0.003162,1.72,100.0,0.5
130,3,2,2,2,1,1,0.5,0.003162,1.8,100.0,0.5
131,4,1,0,0,0,0,0.4,0.0003162,1.72,31.62,0.3
132,4,1,0,0,0,2,0.4,0.0003162,1.72,31.62,0.7
133,4,1,0,0,2,0,0.4,0.0003162,1.72,316.2,0.3
134,4,1,0,0,2,2,0.4,0.0003162,1.72,316.2,0.7
135,4,1,0,2,0,0,0.4,0.0003162,1.8,31.62,0.3
136,4,1,0,2,0,2,0.4,0.0003162,1.8,31.62,0.7
137,4,1,0,2,2,0,0.4,0.0003162,1.8,316.2,0.3
138,4,1,0,2,2,2,0.4,0.0003162,1.8,316.2,0.7
139,4,1,2,0,0,0,0.4,0.003162,1.72,31.62,0.3
140,4,1,2,0,0,2,0.4,0.003162,1.72,31.62,0.7
141,4,1,2,0,2,0,0.4,0.003162,1.72,316.2,0.3
142,4,1,2,0,2,2,0.4,0.003162,1.72,316.2,0.7
143,4,1,2,2,0,0,0.4,0.003162,1.8,31.62,0.3
144,4,1,2,2,0,2,0.4,0.003162,1.8,31.62,0.7
145,4,1,2,2,2,0,0.4,0.003162,1.8,316.2,0.3
146,4,1,2,2,2,2,0.4,0.003162,1.8,316.2,0.7
147,4,0,1,0,0,0,0.3,0.001,1.72,31.62,0.3
148,4,0,1,0,0,2,0.3,0.001,1.72,31.62,0.7
149,4,0,1,0,2,0,0.3,0.001,1.72,316.2,0.3
150,4,0,1,0,2,2,0.3,0.001,1.72,316.2,0.7
151,4,0,1,2,0,0,0.3,0.001,1.8,31.62,0.3
152,4,0,1,2,0,2,0.3,0.001,1.8,31.62,0.7
153,4,0,1,2,2,0,0.3,0.001,1.8,316.2,0.3
154,4,0,1,2,2,2,0.3,0.001,1.8,316.2,0.7
155,4,2,1,0,0,0,0.5,0.001,1.72,31.62,0.3
156,4,2,1,0,0,2,0.5,0.001,1.72,31.62,0.7
157,4,2,1,0,2,0,0.5,0.001,1.72,316.2,0.3
158,4,2,1,0,2,2,0.5,0.001,1.72,316.2,0.7
159,4,2,1,2,0,0,0.5,0.001,1.8,31.62,0.3
160,4,2,1,2,0,2,0.5,0.001,1.8,31.62,0.7
161,4,2,1,2,2,0,0.5,0.001,1.8,316.2,0.3
162,4,2,1,2,2,2,0.5,0.001,1.8,316.2,0.7
163,4,0,0,1,0,0,0.3,0.0003162,1.76,31.62,0.3
164,4,0,0,1,0,2,0.3,0.0003162,1.76,31.62,0.7
165,4,0,0,1,2,0,0.3,0.0003162,1.76,316.2,0.3
166,4,0,0,1,2,2,0.3,0.0003162,1.76,316.2,0.7
167,4,0,2,1,0,0,0.3,0.003162,1.76,31.62,0.3
168,4,0,2,1,0,2,0.3,0.003162,1.76,31.62,0.7
169,4,0,2,1,2,0,0.3,0.003162,1.76,316.2,0.3
170,4,0,2,1,2,2,0.3,0.003162,1.76,316.2,0.7
171,4,2,0,1,0,0,0.5,0.0003162,1.76,31.62,0.3
172,4,2,0,1,0,2,0.5,0.0003162,1.76,31.62,0.7
173,4,2,0,1,2,0,0.5,0.0003162,1.76,316.2,0.3
174,4,2,0,1,2,2,0.5,0.0003162,1.76,316.2,0.7
175,4,2,2,1,0,0,0.5,0.003162,1.76,31.62,0.3
176,4,2,2,1,0,2,0.5,0.003162,1.76,31.62,0.7
177,4,2,2,1,2,0,0.5,0.003162,1.76,316.2,0.3
178,4,2,2,1,2,2,0.5,0.003162,1.76,316.2,0.7
179,4,0,0,0,1,0,0.3,0.0003162,1.72,100.0,0.3
180,4,0,0,0,1,2,0.3,0.0003162,1.72,100.0,0.7
181,4,0,0,2,1,0,0.3,0.0003162,1.8,100.0,0.3
182,4,0,0,2,1,2,0.3,0.0003162,1.8,100.0,0.7
183,4,0,2,0,1,0,0.3,0.003162,1.72,100.0,0.3
184,4,0,2,0,1,2,0.3,0.003162,1.72,100.0,0.7
185,4,0,2,2,1,0,0.3,0.003162,1.8,100.0,0.3
186,4,0,2,2,1,2,0.3,0.003162,1.8,100.0,0.7
187,4,2,0,0,1,0,0.5,0.0003162,1.72,100.0,0.3
188,4,2,0,0,1,2,0.5,0.0003162,1.72,100.0,0.7
189,4,2,0,2,1,0,0.5,0.0003162,1.8,100.0,0.3
190,4,2,0,2,1,2,0.5,0.0003162,1.8,100.0,0.7
191,4,2,2,0,1,0,0.5,0.003162,1.72,100.0,0.3
192,4,2,2,0,1,2,0.5,0.003162,1.72,100.0,0.7
193,4,2,2,2,1,0,0.5,0.003162,1.8,100.0,0.3
194,4,2,2,2,1,2,0.5,0.003162,1.8,100.0,0.7
195,4,0,0,0,0,1,0.3,0.0003162,1.72,31.62,0.5
196,4,0,0,0,2,1,0.3,0.0003162,1.72,316.2,0.5
197,4,0,0,2,0,1,0.3,0.0003162,1.8,31.62,0.5
198,4,0,0,2,2,1,0.3,0.0003162,1.8,316.2,0.5
199,4,0,2,0,0,1,0.3,0.003162,1.72,31.62,0.5
200,4,0,2,0,2,1,0.3,0.003162,1.72,316.2,0.5
201,4,0,2,2,0,1,0.3,0.003162,1.8,31.62,0.5
202,4,0,2,2,2,1,0.3,0.003162,1.8,316.2,0.5
203,4,2,0,0,0,1,0.5,0.0003162,1.72,31.62,0.5
204,4,2,0,0,2,1,0.5,0.0003162,1.72,316.2,0.5
205,4,2,0,2,0,1,0.5,0.0003162,1.8,31.62,0.5
206,4,2,0,2,2,1,0.5,0.0003162,1.8,316.2,0.5
207,4,2,2,0,0,1,0.5,0.003162,1.72,31.62,0.5
208,4,2,2,0,2,1,0.5,0.003162,1.72,316.2,0.5
209,4,2,2,2,0,1,0.5,0.003162,1.8,31.62,0.5
210,4,2,2,2,2,1,0.5,0.003162,1.8,316.2,0.5
211,5,0,0,0,0,0,0.3,0.0003162,1.72,31.62,0.3
212,5,0,0,0,0,2,0.3,0.0003162,1.72,31.62,0.7
213,5,0,0,0,2,0,0.3,0.0003162,1.72,316.2,0.3
214,5,0,0,0,2,2,0.3,0.0003162,1.72,316.2,0.7
215,5,0,0,2,0,0,0.3,0.0003162,1.8,31.62,0.3
216,5,0,0,2,0,2,0.3,0.0003162,1.8,31.62,0.7
217,5,0,0,2,2,0,0.3,0.0003162,1.8,316.2,0.3
218,5,0,0,2,2,2,0.3,0.0003162,1.8,316.2,0.7
219,5,0,2,0,0,0,0.3,0.003162,1.72,31.62,0.3
220,5,0,2,0,0,2,0.3,0.003162,1.72,31.62,0.7
221,5,0,2,0,2,0,0.3,0.003162,1.72,316.2,0.3
222,5,0,2,0,2,2,0.3,0.003162,1.72,316.2,0.7
223,5,0,2,2,0,0,0.3,0.003162,1.8,31.62,0.3
224,5,0,2,2,0,2,0.3,0.003162,1.8,31.62,0.7
225,5,0,2,2,2,0,0.3,0.003162,1.8,316.2,0.3
226,5,0,2,2,2,2,0.3,0.003162,1.8,316.2,0.7
227,5,2,0,0,0,0,0.5,0.0003162,1.72,31.62,0.3
228,5,2,0,0,0,2,0.5,0.0003162,1.72,31.62,0.7
229,5,2,0,0,2,0,0.5,0.0003162,1.72,316.2,0.3
230,5,2,0,0,2,2,0.5,0.0003162,1.72,316.2,0.7
231,5,2,0,2,0,0,0.5,0.0003162,1.8,31.62,0.3
232,5,2,0,2,0,2,0.5,0.0003162,1.8,31.62,0.7
233,5,2,0,2,2,0,0.5,0.0003162,1.8,316.2,0.3
234,5,2,0,2,2,2,0.5,0.0003162,1.8,316.2,0.7
235,5,2,2,0,0,0,0.5,0.003162,1.72,31.62,0.3
236,5,2,2,0,0,2,0.5,0.003162,1.72,31.62,0.7
237,5,2,2,0,2,0,0.5,0.003162,1.72,316.2,0.3
238,5,2,2,0,2,2,0.5,0.003162,1.72,316.2,0.7
239,5,2,2,2,0,0,0.5,0.003162,1.8,31.62,0.3
240,5,2,2,2,0,2,0.5,0.003162,1.8,31.62,0.7
241,5,2,2,2,2,0,0.5,0.003162,1.8,316.2,0.3
242,5,2,2,2,2,2,0.5,0.003162,1.8,316.2,0.7
