stage,multiplier,target,target_gap,rental_income_positive_share_mean,rental_income_positive_share_stdev,active_btl_share_mean,latent_btl_share_mean,btl_stock_fraction_mean,seed_count,seeds
coarse,0.05,0.0515255103048705,0.06425851227007934,0.11578402257494984,0.003714148018952102,0.0033734399477441447,0.004267875809812941,0.3613882704053304,4,"1,2,3,4"
coarse,0.1,0.0515255103048705,0.045212737484648435,0.09673824778951894,0.0032379225496729624,0.006633385101451292,0.008520779521168493,0.3623833981121599,4,"1,2,3,4"
coarse,0.15,0.0515255103048705,0.011189915890300134,0.06271542619517063,0.00193834169272987,0.010632633807079678,0.01338795084566649,0.36051493614658525,4,"1,2,3,4"
coarse,0.2,0.0515255103048705,0.006601681604938375,0.044923828699932125,0.001685729863104413,0.014089088920308645,0.01769785573671001,0.357835091615769,4,"1,2,3,4"
coarse,0.25,0.0515255103048705,0.00913222807138328,0.04239328223348722,0.0008861520771237223,0.01814824333091409,0.023033176003336042,0.35730004164353135,4,"1,2,3,4"
coarse,0.3,0.0515255103048705,0.009229799553841199,0.0422957107510293,0.0007651058471949381,0.02024916729295198,0.025860319408840517,0.3580891865630206,4,"1,2,3,4"
coarse,0.35,0.0515255103048705,0.005887810432955894,0.04563769987191461,0.0005223901637144291,0.024276551383475935,0.031063080373050188,0.36093999167129376,4,"1,2,3,4"
coarse,0.4,0.0515255103048705,0.002039353779411744,0.049486156525458756,0.0018283961242537517,0.028088984207053417,0.036246360671237265,0.3621929900055525,4,"1,2,3,4"
coarse,0.45,0.0515255103048705,0.0002290324165042934,0.051754542721374794,0.0014038284823191317,0.03083418710371187,0.03973862593218004,0.36116460299833425,4,"1,2,3,4"
coarse,0.5,0.0515255103048705,0.004040253238197546,0.055565763543068046,0.001145639947915383,0.034090344475077645,0.04406897294580344,0.3620176707384786,4,"1,2,3,4"
coarse,0.55,0.0515255103048705,0.006517026043194651,0.05804253634806515,0.001650872740927709,0.03741002320461905,0.04816356229677089,0.3625611604664076,4,"1,2,3,4"
coarse,0.6,0.0515255103048705,0.009173809887191922,0.06069932019206242,0.0005766449608170343,0.040717422056249425,0.05261667320863744,0.3634588978345364,4,"1,2,3,4"
coarse,0.65,0.0515255103048705,0.011986912248121678,0.06351242255299218,0.0009132693649331208,0.043698401677626404,0.05657547101325942,0.36413189894503056,4,"1,2,3,4"
coarse,0.7,0.0515255103048705,0.015308154667968463,0.06683366497283896,0.0017828577575575968,0.048123471251340845,0.06268063731208555,0.3622352998334259,4,"1,2,3,4"
coarse,0.75,0.0515255103048705,0.01650435046693456,0.06802986077180506,0.0008664266153748215,0.05118073480869698,0.06686649641145667,0.3631668378678512,4,"1,2,3,4"
coarse,0.8,0.0515255103048705,0.01716214051888869,0.06868765082375919,0.0015247137122122178,0.053727028239392106,0.07054151353392943,0.3602047196002221,4,"1,2,3,4"
coarse,0.85,0.0515255103048705,0.019389172936603263,0.07091468324147376,0.00112305197907977,0.05801867803467567,0.075818365248332,0.3599761660188784,4,"1,2,3,4"
coarse,0.9,0.0515255103048705,0.02162073614305461,0.07314624644792511,0.0007408218561206908,0.06213349953862289,0.08159495410974425,0.3599623681288173,4,"1,2,3,4"
coarse,0.95,0.0515255103048705,0.021278617825300578,0.07280412813017108,0.0018153863316348053,0.06289536650171515,0.0827443532775009,0.3601408384230983,4,"1,2,3,4"
coarse,1.0,0.0515255103048705,0.02496492514042943,0.07649043544529993,0.0009204403071487933,0.06819045338353538,0.0900040024458626,0.3591597168239867,4,"1,2,3,4"
coarse,1.05,0.0515255103048705,0.02503292338915969,0.07655843369403019,0.0003040078711497123,0.06919845760716961,0.09178515450338465,0.3586832315380344,4,"1,2,3,4"
coarse,1.1,0.0515255103048705,0.027227210620426906,0.0787527209252974,0.0009541227313189861,0.07256216207085234,0.09681362475232402,0.3564937395891172,4,"1,2,3,4"
coarse,1.15,0.0515255103048705,0.02924280279290431,0.08076831309777481,0.0018302085449936317,0.07506370675299506,0.1001912062265353,0.35682873403664633,4,"1,2,3,4"
coarse,1.2,0.0515255103048705,0.032793561469704566,0.08431907177457507,0.0017791788265265878,0.07971012984977112,0.10696435262345166,0.3564505830094392,4,"1,2,3,4"
coarse,1.25,0.0515255103048705,0.03517932835099713,0.08670483865586763,0.0009521054351591569,0.08275941464056127,0.11096711897486042,0.35787287617990005,4,"1,2,3,4"
coarse,1.3,0.0515255103048705,0.036175000900725715,0.08770051120559622,0.0003659514525846789,0.08549365744367282,0.11485125596304668,0.3567390477512493,4,"1,2,3,4"
coarse,1.35,0.0515255103048705,0.039625940450698685,0.09115145075556919,0.0008457028421721657,0.08921097733050219,0.1202049989651427,0.35435655191560245,4,"1,2,3,4"
coarse,1.4,0.0515255103048705,0.039942013365217355,0.09146752367008786,0.0009748926310770898,0.09241813785178722,0.12523337104566154,0.3558798028872848,4,"1,2,3,4"
coarse,1.45,0.0515255103048705,0.041944820199504504,0.093470330504375,0.0014039611075369349,0.09521849656560362,0.1302262202220557,0.3565927679067185,4,"1,2,3,4"
coarse,1.5,0.0515255103048705,0.04287089014138856,0.09439640044625906,0.0005971111030517429,0.0956873277211932,0.1301850969986396,0.35494508606329817,4,"1,2,3,4"
coarse,1.55,0.0515255103048705,0.04563810542856635,0.09716361573343685,0.00019332568978575038,0.10099781911291664,0.1395704662389864,0.35450831482509715,4,"1,2,3,4"
coarse,1.6,0.0515255103048705,0.046288329882142834,0.09781384018701333,0.000495058015371816,0.10207640706550367,0.14164431713159764,0.3546327595780122,4,"1,2,3,4"
coarse,1.65,0.0515255103048705,0.0478330367776998,0.0993585470825703,0.0007553269988915589,0.1045748427261048,0.14660502190506,0.35606686563020545,4,"1,2,3,4"
coarse,1.7,0.0515255103048705,0.04868531777411421,0.10021082807898471,0.0009273231743265023,0.10810701842177986,0.15106938222231311,0.35437508328706274,4,"1,2,3,4"
coarse,1.75,0.0515255103048705,0.050052127038322236,0.10157763734319274,0.0019595012834452406,0.11002702895338642,0.15446179662805984,0.3568007079400333,4,"1,2,3,4"
coarse,1.8,0.0515255103048705,0.05201679951554901,0.10354230982041951,0.0012675589535800817,0.1128274296472622,0.1604656665707026,0.35609568295391447,4,"1,2,3,4"
coarse,1.85,0.0515255103048705,0.053226420732903776,0.10475193103777428,0.0005837891533634894,0.11520466816355718,0.1639902087766775,0.3579108967240422,4,"1,2,3,4"
coarse,1.9,0.0515255103048705,0.05435411977382916,0.10587963007869966,0.00041033749849135874,0.11801267981964936,0.16920675375597768,0.3590223625763465,4,"1,2,3,4"
coarse,1.95,0.0515255103048705,0.05618856911142979,0.10771407941630029,0.0005958387419826108,0.11949877179802844,0.1729322375734446,0.3581638534147696,4,"1,2,3,4"
coarse,2.0,0.0515255103048705,0.057291332339623954,0.10881684264449445,0.0012153955063562516,0.12274172290139204,0.17804323167197925,0.3600857162687396,4,"1,2,3,4"
fine,0.3,0.0515255103048705,0.009229799553841199,0.0422957107510293,0.0007651058471949381,0.02024916729295198,0.025860319408840517,0.3580891865630206,4,"1,2,3,4"
fine,0.305,0.0515255103048705,0.009535956378571298,0.0419895539262992,0.0007162317302428196,0.021107373917926282,0.026817591162783164,0.3593747223764575,4,"1,2,3,4"
fine,0.31,0.0515255103048705,0.008843143125775478,0.04268236717909502,0.0008950174588480827,0.02209433896609439,0.028081583273791354,0.356960535813437,4,"1,2,3,4"
fine,0.315,0.0515255103048705,0.008599202538457806,0.042926307766412694,0.001900117684868462,0.02159026317315077,0.027625691853781352,0.3582907273736813,4,"1,2,3,4"
fine,0.32,0.0515255103048705,0.008981559856452673,0.04254395044841783,0.0010145272081112126,0.02176222849127636,0.02769522067770948,0.3597796640755136,4,"1,2,3,4"
fine,0.325,0.0515255103048705,0.007139263707435471,0.04438624659743503,0.0006819238022268043,0.022766152977096027,0.029123924426162226,0.3583392282065519,4,"1,2,3,4"
fine,0.33,0.0515255103048705,0.007424142576421509,0.04410136772844899,0.001094832833239681,0.02321550665223219,0.029715237112881696,0.35860791227096056,4,"1,2,3,4"
fine,0.335,0.0515255103048705,0.007817534454289073,0.04370797585058143,0.0005581531016687222,0.023529132213943954,0.030172483728221986,0.36091853137146035,4,"1,2,3,4"
fine,0.34,0.0515255103048705,0.005272865708698442,0.04625264459617206,0.0018352815228242605,0.023308701517423216,0.02989847773937424,0.3591882842865075,4,"1,2,3,4"
fine,0.345,0.0515255103048705,0.007309843092839899,0.0442156672120306,0.0015763173753420184,0.024191415746244775,0.030718233084853674,0.3606130205441421,4,"1,2,3,4"
fine,0.35,0.0515255103048705,0.005887810432955894,0.04563769987191461,0.0005223901637144291,0.024276551383475935,0.031063080373050188,0.36093999167129376,4,"1,2,3,4"
fine,0.355,0.0515255103048705,0.005548091731574514,0.045977418573295986,0.0017322605867728313,0.0250389968687744,0.032121352741213166,0.3607911576901721,4,"1,2,3,4"
fine,0.36,0.0515255103048705,0.00616000662792459,0.04536550367694591,0.0020354598694258146,0.025063989820461485,0.03213492828103613,0.35932636035535814,4,"1,2,3,4"
fine,0.365,0.0515255103048705,0.00641263077649986,0.04511287952837064,0.0009946425058265382,0.02495218232153739,0.03199828142625784,0.3584235008328706,4,"1,2,3,4"
fine,0.37,0.0515255103048705,0.005023499120322794,0.046502011184547706,0.0014618120476842427,0.025595898107117925,0.03285649299894774,0.36011039700166575,4,"1,2,3,4"
fine,0.375,0.0515255103048705,0.005299504172734747,0.046226006132135754,0.0003477159534158214,0.02621347794636013,0.03339373546898282,0.3621212659633537,4,"1,2,3,4"
fine,0.38,0.0515255103048705,0.004592785659331869,0.04693272464553863,0.002630308991443707,0.02678143175605624,0.03417215606944087,0.3612375208217657,4,"1,2,3,4"
fine,0.385,0.0515255103048705,0.0029994771667866404,0.04852603313808386,0.0014478921921979944,0.027065870549269924,0.03449590353710827,0.3604427540255414,4,"1,2,3,4"
fine,0.39,0.0515255103048705,0.003311553461648388,0.04821395684322211,0.0017683218712954405,0.027372275576002088,0.03518353336836565,0.3608874097723487,4,"1,2,3,4"
fine,0.395,0.0515255103048705,0.002993322295730849,0.04853218800913965,0.0011783190046419146,0.02794886207749785,0.03586212609626709,0.3619851749028318,4,"1,2,3,4"
fine,0.4,0.0515255103048705,0.002039353779411744,0.049486156525458756,0.0018283961242537517,0.028088984207053417,0.036246360671237265,0.3621929900055525,4,"1,2,3,4"
fine,0.405,0.0515255103048705,0.002442318956625951,0.04908319134824455,0.0015191087784494973,0.028147412624643372,0.035987591469074855,0.3627516240977235,4,"1,2,3,4"
fine,0.41,0.0515255103048705,0.001663618610779051,0.04986189169409145,0.002304709156171774,0.028270280879082368,0.03616690171920772,0.3608062604108828,4,"1,2,3,4"
fine,0.415,0.0515255103048705,0.0009532773735078243,0.050572232931362676,0.000983509192800053,0.028680406183618935,0.03693987371420229,0.36102158523042754,4,"1,2,3,4"
fine,0.42,0.0515255103048705,0.000521380470599464,0.051004129834271036,0.0012652154934301857,0.02910310990997112,0.037460205237089476,0.361474333703498,4,"1,2,3,4"
fine,0.425,0.0515255103048705,0.00017521529624186377,0.05135029500862864,0.0014958366170282535,0.0298900444391885,0.038349242052116705,0.36265569128262076,4,"1,2,3,4"
fine,0.43,0.0515255103048705,0.001770940568013836,0.049754569736856664,0.0004929930075850122,0.029099879237748004,0.037603048703237434,0.36074589117157135,4,"1,2,3,4"
fine,0.435,0.0515255103048705,0.00010946885006551943,0.05163497915493602,0.0018263160070148496,0.03012998571029627,0.03875764186115863,0.36179832037756804,4,"1,2,3,4"
fine,0.44,0.0515255103048705,0.001207301784372193,0.052732812089242694,0.0019342156278829318,0.030785833936297368,0.03965975122088713,0.36315148528595226,4,"1,2,3,4"
fine,0.445,0.0515255103048705,0.0005063219837330712,0.05203183228860357,0.001800208689787966,0.030692828949090516,0.03946141527675043,0.36146457523598,4,"1,2,3,4"
fine,0.45,0.0515255103048705,0.0002290324165042934,0.051754542721374794,0.0014038284823191317,0.03083418710371187,0.03973862593218004,0.36116460299833425,4,"1,2,3,4"
fine,0.455,0.0515255103048705,0.0006806696088546144,0.052206179913725115,0.002047703934418603,0.031190144908817212,0.040118134943175406,0.3617248195446974,4,"1,2,3,4"
fine,0.46,0.0515255103048705,0.0006745625117330137,0.052200072816603514,0.0018788546283060239,0.03148289356802842,0.04070107189297517,0.3639342726263187,4,"1,2,3,4"
fine,0.465,0.0515255103048705,0.001656455316088809,0.05318196562095931,0.001207599367805484,0.032097470686141084,0.04124136392153192,0.3626311910049972,4,"1,2,3,4"
fine,0.47,0.0515255103048705,0.0035107979445082454,0.055036308249378746,0.001510395514430385,0.03220919092387056,0.041451862395653856,0.3619300111049417,4,"1,2,3,4"
fine,0.475,0.0515255103048705,0.0024650130481079016,0.0539905233529784,0.000425577255839567,0.032860978847246536,0.04217954956399231,0.36201892004441977,4,"1,2,3,4"
fine,0.48,0.0515255103048705,0.003012575847995566,0.05453808615286607,0.0015201212076550589,0.03333952328796656,0.04306879580391401,0.3628039561354803,4,"1,2,3,4"
fine,0.485,0.0515255103048705,0.004724497998576126,0.056250008303446626,0.0016015706323157168,0.033530508264242205,0.04331672445532493,0.3621711549139367,4,"1,2,3,4"
fine,0.49,0.0515255103048705,0.004460084348812995,0.055985594653683496,0.001443612145975388,0.033581938457499204,0.04335597454574922,0.36253160744031093,4,"1,2,3,4"
fine,0.495,0.0515255103048705,0.004859481922681715,0.056384992227552215,0.002327239991653586,0.03454356546366385,0.04441815473133752,0.36224346196557466,4,"1,2,3,4"
fine,0.5,0.0515255103048705,0.004040253238197546,0.055565763543068046,0.001145639947915383,0.034090344475077645,0.04406897294580344,0.3620176707384786,4,"1,2,3,4"
fine,0.505,0.0515255103048705,0.004107132753792264,0.055632643058662765,0.000638941760448976,0.034092707897376014,0.043984825961152496,0.36268715991116046,4,"1,2,3,4"
fine,0.51,0.0515255103048705,0.005135339621562693,0.05666084992643319,0.0006735170317434399,0.03488866745220209,0.045261506807765736,0.36304083842309826,4,"1,2,3,4"
fine,0.515,0.0515255103048705,0.0043788581219929845,0.055904368426863485,0.000955519868895581,0.03511085936681776,0.045181879563834265,0.3635112992781788,4,"1,2,3,4"
fine,0.52,0.0515255103048705,0.004856506122768667,0.05638201642763917,0.0013251827891764634,0.03552452089804975,0.04590448131153239,0.3629621321488062,4,"1,2,3,4"
fine,0.525,0.0515255103048705,0.006661370127085953,0.05818688043195645,0.001121455567265975,0.03669744656634197,0.047368729827163406,0.3614818156579678,4,"1,2,3,4"
fine,0.53,0.0515255103048705,0.007083201138584655,0.058608711443455155,0.0013626318742538032,0.03675953228370686,0.04726175397311739,0.3615758051082732,4,"1,2,3,4"
fine,0.535,0.0515255103048705,0.005966525148026702,0.0574920354528972,0.000373448701109585,0.03692995416903809,0.04750759735019722,0.3619277068295391,4,"1,2,3,4"
fine,0.54,0.0515255103048705,0.0070726731689988165,0.05859818347386932,0.0005937649109000971,0.03734816522596724,0.048190329945845274,0.3638522071071627,4,"1,2,3,4"
fine,0.545,0.0515255103048705,0.007081536029398025,0.058607046334268526,0.00036213460344145025,0.03742632187089018,0.04851827577500904,0.36406141032759576,4,"1,2,3,4"
fine,0.55,0.0515255103048705,0.006517026043194651,0.05804253634806515,0.001650872740927709,0.03741002320461905,0.04816356229677089,0.3625611604664076,4,"1,2,3,4"
fine,0.555,0.0515255103048705,0.008556725601725386,0.060082235906595886,0.002067477109668353,0.03800940876564099,0.048896265633506915,0.36175691282620764,4,"1,2,3,4"
fine,0.56,0.0515255103048705,0.009011160170614776,0.06053667047548528,0.0026555636746251623,0.03862606435048882,0.04977037385714711,0.3638711410327596,4,"1,2,3,4"
fine,0.565,0.0515255103048705,0.008723816296431638,0.06024932660130214,0.0016686692068062195,0.03785537306417519,0.04916903209281211,0.3639764991671294,4,"1,2,3,4"
fine,0.57,0.0515255103048705,0.008801483778469843,0.06032699408334034,0.0011106366776881258,0.03911816964422254,0.05046986936159069,0.36224185174902834,4,"1,2,3,4"
fine,0.575,0.0515255103048705,0.008385982771992338,0.05991149307686284,0.002085537636349072,0.03951948943997441,0.051002168297743664,0.36411167406996114,4,"1,2,3,4"
fine,0.58,0.0515255103048705,0.008102043871313407,0.05962755417618391,0.0007303349440763335,0.039244901561029756,0.05083336881894933,0.3621166851749028,4,"1,2,3,4"
fine,0.585,0.0515255103048705,0.00801946425777375,0.05954497456264425,0.0009451072832727482,0.03917889670365313,0.05100195306290685,0.3626187118267629,4,"1,2,3,4"
fine,0.59,0.0515255103048705,0.010676776903399743,0.06220228720827024,0.0010428622277406181,0.04071101818355016,0.05271352600032794,0.36104271238201,4,"1,2,3,4"
fine,0.595,0.0515255103048705,0.009533960689327811,0.06105947099419831,0.0011796542077782215,0.04005754918332331,0.052105662868491734,0.36136542198778454,4,"1,2,3,4"
fine,0.6,0.0515255103048705,0.009173809887191922,0.06069932019206242,0.0005766449608170343,0.040717422056249425,0.05261667320863744,0.3634588978345364,4,"1,2,3,4"
