row_type,parameter_key,component,published_value,derived_value,units,artifact,source_url,publication_date,extraction_ref,notes
source_observation,UK_HOUSEHOLDS,United Kingdom households,28609 thousand households,28609000,households,ons-families-and-households-uk-2024.xlsx,https://www.ons.gov.uk/file?uri=%2Fpeoplepopulationandcommunity%2Fbirthsdeathsandmarriages%2Ffamilies%2Fdatasets%2Ffamiliesandhouseholdsfamiliesandhouseholds%2Fcurrent%2Ffamiliesandhouseholdsuk2024.xlsx,2025-07-23,sheet '5' row 'All households' column '2024 Estimate',"The ONS workbook publishes households in thousands, so 28,609 becomes 28,609,000 households."
source_observation,UK_DWELLINGS,England dwellings,25617413,25617413,dwellings,england-live-table-100-2024.ods,https://assets.publishing.service.gov.uk/media/682deb00b33f68eaba95391b/LiveTable100.ods,2025-05-22,table '2024' row 'England' column 'Total',"The England ODS publishes 25,617,413 in the downloadable table; the rounded public headline of 25.62 million is rejected."
source_observation,UK_DWELLINGS,Wales dwellings,1482600,1482600,dwellings,wales-dwelling-stock-estimates-2024.csv,https://stats.gov.wales/en-GB/6476cc20-ddeb-46a5-be64-10a23c8a159f,2026-01-15,"CSV row where Local authority='Wales', Period='31/03/2024', Tenure='All tenures (Number)'","StatsWales metadata states that the estimates are rounded to the nearest 100. The published Wales total is 1,482,600."
source_observation,UK_DWELLINGS,Scotland dwellings,2740973,2740973,dwellings,scotland-households-and-dwellings-2024.xlsx,https://www.nrscotland.gov.uk/media/nvcaoksr/house-est-24-data.xlsx,2025-06-26,sheet 'Table2' row 'Scotland' column '2024',"The Scotland workbook notes that figures are rounded to the nearest whole number. The published Scotland total is 2,740,973."
source_observation,UK_DWELLINGS,Northern Ireland dwellings,835988,835988,dwellings,northern-ireland-housing-stock-2008-2025.xlsx,https://www.finance-ni.gov.uk/sites/default/files/2025-06/Housing%20Stock%20Tables%202008%20-%202025.xlsx,2025-06-04,sheet 'Table 1.17' row 'Northern Ireland' column 'Total Housing Stock',"The Northern Ireland workbook publishes the 1 April 2024 stock count directly as 835,988."
selected_total,UK_HOUSEHOLDS,Selected config value,,28609000,households,,,,,Selected source-native ONS workbook value.
selected_total,UK_DWELLINGS,Selected config value,,30676974,dwellings,,,,,"Selected source-native sum of England, Wales, Scotland, and Northern Ireland downloadable totals."
rejected_comparison,UK_HOUSEHOLDS,Rounded ONS headline comparator,,28600000,households,,,,,"Rejected because the official ONS workbook publishes 28,609 thousand households, which converts to 28,609,000 rather than 28,600,000."
rejected_comparison,UK_DWELLINGS,Mixed-precision rounded-country comparator,,30679588,dwellings,,,,"25,620,000 + 1,482,600 + 2,741,000 + 835,988",Rejected because it mixes rounded England and Scotland public-release headline figures with more granular Wales and Northern Ireland downloadable values.
