# Age (lower edge), Age (upper edge), Log Gross Income (lower edge), Log Gross Income (upper edge), Probability
16.0, 20.0, 8.241703159729818, 8.408880458815812, 0.0
16.0, 20.0, 8.408880458815812, 8.576057757901804, 0.07921337989340195
16.0, 20.0, 8.576057757901804, 8.743235056987798, 0.0
16.0, 20.0, 8.743235056987798, 8.910412356073792, 0.0
16.0, 20.0, 8.910412356073792, 9.077589655159784, 0.035269251975739754
16.0, 20.0, 9.077589655159784, 9.244766954245778, 0.11681676162470134
16.0, 20.0, 9.244766954245778, 9.411944253331772, 0.07794523065612939
16.0, 20.0, 9.411944253331772, 9.579121552417764, 0.04295166329718802
16.0, 20.0, 9.579121552417764, 9.746298851503758, 0.0
16.0, 20.0, 9.746298851503758, 9.913476150589752, 0.11034736261716596
16.0, 20.0, 9.913476150589752, 10.080653449675744, 0.07697114501010843
16.0, 20.0, 10.080653449675744, 10.247830748761737, 0.1267965447528028
16.0, 20.0, 10.247830748761737, 10.415008047847731, 0.20102922256938063
16.0, 20.0, 10.415008047847731, 10.582185346933723, 0.0
16.0, 20.0, 10.582185346933723, 10.749362646019717, 0.05822459106781842
16.0, 20.0, 10.749362646019717, 10.916539945105711, 0.07443484653556331
16.0, 20.0, 10.916539945105711, 11.083717244191705, 0.0
16.0, 20.0, 11.083717244191705, 11.250894543277699, 0.0
16.0, 20.0, 11.250894543277699, 11.418071842363691, 0.0
16.0, 20.0, 11.418071842363691, 11.585249141449685, 0.0
16.0, 20.0, 11.585249141449685, 11.752426440535679, 0.0
16.0, 20.0, 11.752426440535679, 11.919603739621671, 0.0
16.0, 20.0, 11.919603739621671, 12.086781038707665, 0.0
16.0, 20.0, 12.086781038707665, 12.253958337793659, 0.0
16.0, 20.0, 12.253958337793659, 12.42113563687965, 0.0
20.0, 25.0, 8.241703159729818, 8.408880458815812, 0.0013197780806216937
20.0, 25.0, 8.408880458815812, 8.576057757901804, 0.05219960452749947
20.0, 25.0, 8.576057757901804, 8.743235056987798, 0.01125268295980592
20.0, 25.0, 8.743235056987798, 8.910412356073792, 0.00919235419832316
20.0, 25.0, 8.910412356073792, 9.077589655159784, 0.013651022405499126
20.0, 25.0, 9.077589655159784, 9.244766954245778, 0.028323758924634374
20.0, 25.0, 9.244766954245778, 9.411944253331772, 0.0068600804772710865
20.0, 25.0, 9.411944253331772, 9.579121552417764, 0.012137656387556905
20.0, 25.0, 9.579121552417764, 9.746298851503758, 0.05129926697773892
20.0, 25.0, 9.746298851503758, 9.913476150589752, 0.06328789138180305
20.0, 25.0, 9.913476150589752, 10.080653449675744, 0.10238189983514297
20.0, 25.0, 10.080653449675744, 10.247830748761737, 0.12483349132772133
20.0, 25.0, 10.247830748761737, 10.415008047847731, 0.05988781118108615
20.0, 25.0, 10.415008047847731, 10.582185346933723, 0.08626032661050569
20.0, 25.0, 10.582185346933723, 10.749362646019717, 0.10968446702628955
20.0, 25.0, 10.749362646019717, 10.916539945105711, 0.08615431416863968
20.0, 25.0, 10.916539945105711, 11.083717244191705, 0.08364688945667856
20.0, 25.0, 11.083717244191705, 11.250894543277699, 0.026899504814347632
20.0, 25.0, 11.250894543277699, 11.418071842363691, 0.031032453634920805
20.0, 25.0, 11.418071842363691, 11.585249141449685, 0.005128543926793031
20.0, 25.0, 11.585249141449685, 11.752426440535679, 0.025043518875592096
20.0, 25.0, 11.752426440535679, 11.919603739621671, 0.0
20.0, 25.0, 11.919603739621671, 12.086781038707665, 0.006044245598563147
20.0, 25.0, 12.086781038707665, 12.253958337793659, 0.003478437222965675
20.0, 25.0, 12.253958337793659, 12.42113563687965, 0.0
25.0, 30.0, 8.241703159729818, 8.408880458815812, 0.001686532506405663
25.0, 30.0, 8.408880458815812, 8.576057757901804, 0.00079930722875989
25.0, 30.0, 8.576057757901804, 8.743235056987798, 0.0007550608904317006
25.0, 30.0, 8.743235056987798, 8.910412356073792, 0.0020600405572280414
25.0, 30.0, 8.910412356073792, 9.077589655159784, 0.005307262088300751
25.0, 30.0, 9.077589655159784, 9.244766954245778, 0.014935150382960678
25.0, 30.0, 9.244766954245778, 9.411944253331772, 0.005274508305382481
25.0, 30.0, 9.411944253331772, 9.579121552417764, 0.023753962776762283
25.0, 30.0, 9.579121552417764, 9.746298851503758, 0.01978328488263515
25.0, 30.0, 9.746298851503758, 9.913476150589752, 0.03125228055396415
25.0, 30.0, 9.913476150589752, 10.080653449675744, 0.04684423047860172
25.0, 30.0, 10.080653449675744, 10.247830748761737, 0.07894925864398189
25.0, 30.0, 10.247830748761737, 10.415008047847731, 0.07895098252729338
25.0, 30.0, 10.415008047847731, 10.582185346933723, 0.08224934592994024
25.0, 30.0, 10.582185346933723, 10.749362646019717, 0.08555690337691502
25.0, 30.0, 10.749362646019717, 10.916539945105711, 0.11952544940201361
25.0, 30.0, 10.916539945105711, 11.083717244191705, 0.12683011762055835
25.0, 30.0, 11.083717244191705, 11.250894543277699, 0.10702844464926732
25.0, 30.0, 11.250894543277699, 11.418071842363691, 0.07247550218157434
25.0, 30.0, 11.418071842363691, 11.585249141449685, 0.04145192348026757
25.0, 30.0, 11.585249141449685, 11.752426440535679, 0.013200349143833353
25.0, 30.0, 11.752426440535679, 11.919603739621671, 0.027451117852133333
25.0, 30.0, 11.919603739621671, 12.086781038707665, 0.009377350586723685
25.0, 30.0, 12.086781038707665, 12.253958337793659, 0.002749593881823202
25.0, 30.0, 12.253958337793659, 12.42113563687965, 0.0017520400722422034
30.0, 35.0, 8.241703159729818, 8.408880458815812, 0.0010366227272295167
30.0, 35.0, 8.408880458815812, 8.576057757901804, 0.0
30.0, 35.0, 8.576057757901804, 8.743235056987798, 0.0038850666696626027
30.0, 35.0, 8.743235056987798, 8.910412356073792, 0.0015011368713611258
30.0, 35.0, 8.910412356073792, 9.077589655159784, 0.007326360291861798
30.0, 35.0, 9.077589655159784, 9.244766954245778, 0.0005803186005290708
30.0, 35.0, 9.244766954245778, 9.411944253331772, 0.0034283304367815695
30.0, 35.0, 9.411944253331772, 9.579121552417764, 0.011155253158048021
30.0, 35.0, 9.579121552417764, 9.746298851503758, 0.009674857383355098
30.0, 35.0, 9.746298851503758, 9.913476150589752, 0.01925205876989741
30.0, 35.0, 9.913476150589752, 10.080653449675744, 0.0335128590478281
30.0, 35.0, 10.080653449675744, 10.247830748761737, 0.05074438931729816
30.0, 35.0, 10.247830748761737, 10.415008047847731, 0.09929670398047571
30.0, 35.0, 10.415008047847731, 10.582185346933723, 0.08325303360144082
30.0, 35.0, 10.582185346933723, 10.749362646019717, 0.10216156795777112
30.0, 35.0, 10.749362646019717, 10.916539945105711, 0.12194857417923592
30.0, 35.0, 10.916539945105711, 11.083717244191705, 0.10416999748514202
30.0, 35.0, 11.083717244191705, 11.250894543277699, 0.0969935780379441
30.0, 35.0, 11.250894543277699, 11.418071842363691, 0.07706700152014954
30.0, 35.0, 11.418071842363691, 11.585249141449685, 0.06100259004444644
30.0, 35.0, 11.585249141449685, 11.752426440535679, 0.045426890658987855
30.0, 35.0, 11.752426440535679, 11.919603739621671, 0.021408268611029253
30.0, 35.0, 11.919603739621671, 12.086781038707665, 0.020034170956760862
30.0, 35.0, 12.086781038707665, 12.253958337793659, 0.014224071252580755
30.0, 35.0, 12.253958337793659, 12.42113563687965, 0.01091629844018311
35.0, 40.0, 8.241703159729818, 8.408880458815812, 0.0
35.0, 40.0, 8.408880458815812, 8.576057757901804, 0.0005254627923482017
35.0, 40.0, 8.576057757901804, 8.743235056987798, 0.00012173842470478433
35.0, 40.0, 8.743235056987798, 8.910412356073792, 0.0031908717713437684
35.0, 40.0, 8.910412356073792, 9.077589655159784, 0.0
35.0, 40.0, 9.077589655159784, 9.244766954245778, 0.0043333082127060135
35.0, 40.0, 9.244766954245778, 9.411944253331772, 0.007340330118169087
35.0, 40.0, 9.411944253331772, 9.579121552417764, 0.009392078058346659
35.0, 40.0, 9.579121552417764, 9.746298851503758, 0.01104796908009643
35.0, 40.0, 9.746298851503758, 9.913476150589752, 0.017623914395527313
35.0, 40.0, 9.913476150589752, 10.080653449675744, 0.049184393962105395
35.0, 40.0, 10.080653449675744, 10.247830748761737, 0.056120171560082054
35.0, 40.0, 10.247830748761737, 10.415008047847731, 0.0660033440799929
35.0, 40.0, 10.415008047847731, 10.582185346933723, 0.09393113249032925
35.0, 40.0, 10.582185346933723, 10.749362646019717, 0.07821072672870634
35.0, 40.0, 10.749362646019717, 10.916539945105711, 0.08826698313136074
35.0, 40.0, 10.916539945105711, 11.083717244191705, 0.10237000696476294
35.0, 40.0, 11.083717244191705, 11.250894543277699, 0.10334681289632275
35.0, 40.0, 11.250894543277699, 11.418071842363691, 0.08137675392357974
35.0, 40.0, 11.418071842363691, 11.585249141449685, 0.07465836636971877
35.0, 40.0, 11.585249141449685, 11.752426440535679, 0.0602580357712212
35.0, 40.0, 11.752426440535679, 11.919603739621671, 0.035416357834778596
35.0, 40.0, 11.919603739621671, 12.086781038707665, 0.030625909415017884
35.0, 40.0, 12.086781038707665, 12.253958337793659, 0.017592444598664853
35.0, 40.0, 12.253958337793659, 12.42113563687965, 0.009062887420114334
40.0, 45.0, 8.241703159729818, 8.408880458815812, 0.002475777118928997
40.0, 45.0, 8.408880458815812, 8.576057757901804, 0.002856007580157105
40.0, 45.0, 8.576057757901804, 8.743235056987798, 0.0007258204195576204
40.0, 45.0, 8.743235056987798, 8.910412356073792, 0.0009088037819278458
40.0, 45.0, 8.910412356073792, 9.077589655159784, 0.0022006907723813307
40.0, 45.0, 9.077589655159784, 9.244766954245778, 0.004107956108445151
40.0, 45.0, 9.244766954245778, 9.411944253331772, 0.010244215545435096
40.0, 45.0, 9.411944253331772, 9.579121552417764, 0.015838045460565862
40.0, 45.0, 9.579121552417764, 9.746298851503758, 0.016542266507727887
40.0, 45.0, 9.746298851503758, 9.913476150589752, 0.020353944432558
40.0, 45.0, 9.913476150589752, 10.080653449675744, 0.04297011747205836
40.0, 45.0, 10.080653449675744, 10.247830748761737, 0.05848294974070565
40.0, 45.0, 10.247830748761737, 10.415008047847731, 0.050096280221291686
40.0, 45.0, 10.415008047847731, 10.582185346933723, 0.0788707196055058
40.0, 45.0, 10.582185346933723, 10.749362646019717, 0.07717374249880286
40.0, 45.0, 10.749362646019717, 10.916539945105711, 0.07993683202412609
40.0, 45.0, 10.916539945105711, 11.083717244191705, 0.10237613473117951
40.0, 45.0, 11.083717244191705, 11.250894543277699, 0.13049118195433568
40.0, 45.0, 11.250894543277699, 11.418071842363691, 0.0819826593717843
40.0, 45.0, 11.418071842363691, 11.585249141449685, 0.08053020346201262
40.0, 45.0, 11.585249141449685, 11.752426440535679, 0.05344010758932665
40.0, 45.0, 11.752426440535679, 11.919603739621671, 0.03926684394453444
40.0, 45.0, 11.919603739621671, 12.086781038707665, 0.02307261260710538
40.0, 45.0, 12.086781038707665, 12.253958337793659, 0.01303705514971829
40.0, 45.0, 12.253958337793659, 12.42113563687965, 0.012019031899827816
45.0, 50.0, 8.241703159729818, 8.408880458815812, 0.0015185510020503585
45.0, 50.0, 8.408880458815812, 8.576057757901804, 0.0032591754780536115
45.0, 50.0, 8.576057757901804, 8.743235056987798, 0.002314688901585937
45.0, 50.0, 8.743235056987798, 8.910412356073792, 0.001959551159839406
45.0, 50.0, 8.910412356073792, 9.077589655159784, 0.0014879821837734419
45.0, 50.0, 9.077589655159784, 9.244766954245778, 0.004845607238336535
45.0, 50.0, 9.244766954245778, 9.411944253331772, 0.013496582810703942
45.0, 50.0, 9.411944253331772, 9.579121552417764, 0.014082784855308342
45.0, 50.0, 9.579121552417764, 9.746298851503758, 0.015353188979581378
45.0, 50.0, 9.746298851503758, 9.913476150589752, 0.033431947741706075
45.0, 50.0, 9.913476150589752, 10.080653449675744, 0.03258995661475512
45.0, 50.0, 10.080653449675744, 10.247830748761737, 0.05802905745993799
45.0, 50.0, 10.247830748761737, 10.415008047847731, 0.06667373945207192
45.0, 50.0, 10.415008047847731, 10.582185346933723, 0.06509764714502972
45.0, 50.0, 10.582185346933723, 10.749362646019717, 0.08749425148876888
45.0, 50.0, 10.749362646019717, 10.916539945105711, 0.08567540680129235
45.0, 50.0, 10.916539945105711, 11.083717244191705, 0.09429041905803985
45.0, 50.0, 11.083717244191705, 11.250894543277699, 0.09475839170254383
45.0, 50.0, 11.250894543277699, 11.418071842363691, 0.09443607048630046
45.0, 50.0, 11.418071842363691, 11.585249141449685, 0.07619412817955044
45.0, 50.0, 11.585249141449685, 11.752426440535679, 0.04154347357977495
45.0, 50.0, 11.752426440535679, 11.919603739621671, 0.04740189769425697
45.0, 50.0, 11.919603739621671, 12.086781038707665, 0.03895681210381351
45.0, 50.0, 12.086781038707665, 12.253958337793659, 0.00972403100217623
45.0, 50.0, 12.253958337793659, 12.42113563687965, 0.015384656880748792
50.0, 55.0, 8.241703159729818, 8.408880458815812, 0.003950880596679333
50.0, 55.0, 8.408880458815812, 8.576057757901804, 0.0016494123466624696
50.0, 55.0, 8.576057757901804, 8.743235056987798, 0.0040649100773152
50.0, 55.0, 8.743235056987798, 8.910412356073792, 0.000660487660725356
50.0, 55.0, 8.910412356073792, 9.077589655159784, 0.002295847078436222
50.0, 55.0, 9.077589655159784, 9.244766954245778, 0.01249024325218503
50.0, 55.0, 9.244766954245778, 9.411944253331772, 0.010943618042997144
50.0, 55.0, 9.411944253331772, 9.579121552417764, 0.014689325876983069
50.0, 55.0, 9.579121552417764, 9.746298851503758, 0.01727747387761264
50.0, 55.0, 9.746298851503758, 9.913476150589752, 0.027925177388114595
50.0, 55.0, 9.913476150589752, 10.080653449675744, 0.04929727324996868
50.0, 55.0, 10.080653449675744, 10.247830748761737, 0.0540491707968894
50.0, 55.0, 10.247830748761737, 10.415008047847731, 0.05940333672745027
50.0, 55.0, 10.415008047847731, 10.582185346933723, 0.06935040135165085
50.0, 55.0, 10.582185346933723, 10.749362646019717, 0.06594075927573613
50.0, 55.0, 10.749362646019717, 10.916539945105711, 0.09187684494881522
50.0, 55.0, 10.916539945105711, 11.083717244191705, 0.07645636525409302
50.0, 55.0, 11.083717244191705, 11.250894543277699, 0.09539047869897181
50.0, 55.0, 11.250894543277699, 11.418071842363691, 0.10323843725005862
50.0, 55.0, 11.418071842363691, 11.585249141449685, 0.0700361842844891
50.0, 55.0, 11.585249141449685, 11.752426440535679, 0.05518946560324808
50.0, 55.0, 11.752426440535679, 11.919603739621671, 0.05158428705877818
50.0, 55.0, 11.919603739621671, 12.086781038707665, 0.03569885617188579
50.0, 55.0, 12.086781038707665, 12.253958337793659, 0.017229292406921427
50.0, 55.0, 12.253958337793659, 12.42113563687965, 0.00931147072333236
55.0, 60.0, 8.241703159729818, 8.408880458815812, 0.0024461062889099966
55.0, 60.0, 8.408880458815812, 8.576057757901804, 0.002989518670981441
55.0, 60.0, 8.576057757901804, 8.743235056987798, 0.0036335073779114125
55.0, 60.0, 8.743235056987798, 8.910412356073792, 0.005041951210725039
55.0, 60.0, 8.910412356073792, 9.077589655159784, 0.0054904165398516796
55.0, 60.0, 9.077589655159784, 9.244766954245778, 0.006682696331178323
55.0, 60.0, 9.244766954245778, 9.411944253331772, 0.016493766707209933
55.0, 60.0, 9.411944253331772, 9.579121552417764, 0.022016457739366963
55.0, 60.0, 9.579121552417764, 9.746298851503758, 0.026995736389452546
55.0, 60.0, 9.746298851503758, 9.913476150589752, 0.025935181560907034
55.0, 60.0, 9.913476150589752, 10.080653449675744, 0.05681774256438855
55.0, 60.0, 10.080653449675744, 10.247830748761737, 0.06303283404193358
55.0, 60.0, 10.247830748761737, 10.415008047847731, 0.07316552348663592
55.0, 60.0, 10.415008047847731, 10.582185346933723, 0.06545829966715992
55.0, 60.0, 10.582185346933723, 10.749362646019717, 0.09913185368546555
55.0, 60.0, 10.749362646019717, 10.916539945105711, 0.09881924145185678
55.0, 60.0, 10.916539945105711, 11.083717244191705, 0.08886105943647986
55.0, 60.0, 11.083717244191705, 11.250894543277699, 0.08737680807522809
55.0, 60.0, 11.250894543277699, 11.418071842363691, 0.06353046167910673
55.0, 60.0, 11.418071842363691, 11.585249141449685, 0.05389389873240055
55.0, 60.0, 11.585249141449685, 11.752426440535679, 0.05902516772415667
55.0, 60.0, 11.752426440535679, 11.919603739621671, 0.03643565010397265
55.0, 60.0, 11.919603739621671, 12.086781038707665, 0.01676284590468592
55.0, 60.0, 12.086781038707665, 12.253958337793659, 0.011193244273247862
55.0, 60.0, 12.253958337793659, 12.42113563687965, 0.008770030356787006
60.0, 65.0, 8.241703159729818, 8.408880458815812, 0.00663584690918229
60.0, 65.0, 8.408880458815812, 8.576057757901804, 0.0032902098441244853
60.0, 65.0, 8.576057757901804, 8.743235056987798, 0.0029359757253777075
60.0, 65.0, 8.743235056987798, 8.910412356073792, 0.00587403518086569
60.0, 65.0, 8.910412356073792, 9.077589655159784, 0.008838766381765194
60.0, 65.0, 9.077589655159784, 9.244766954245778, 0.019982971757538832
60.0, 65.0, 9.244766954245778, 9.411944253331772, 0.02445007236794673
60.0, 65.0, 9.411944253331772, 9.579121552417764, 0.030119485251983397
60.0, 65.0, 9.579121552417764, 9.746298851503758, 0.05077550183514111
60.0, 65.0, 9.746298851503758, 9.913476150589752, 0.05550140172524518
60.0, 65.0, 9.913476150589752, 10.080653449675744, 0.063231623688344
60.0, 65.0, 10.080653449675744, 10.247830748761737, 0.0769117286083225
60.0, 65.0, 10.247830748761737, 10.415008047847731, 0.0885576961946504
60.0, 65.0, 10.415008047847731, 10.582185346933723, 0.08692571877228289
60.0, 65.0, 10.582185346933723, 10.749362646019717, 0.08448692105121683
60.0, 65.0, 10.749362646019717, 10.916539945105711, 0.06578127585127667
60.0, 65.0, 10.916539945105711, 11.083717244191705, 0.084616945810098
60.0, 65.0, 11.083717244191705, 11.250894543277699, 0.060656966764087994
60.0, 65.0, 11.250894543277699, 11.418071842363691, 0.05905582854735256
60.0, 65.0, 11.418071842363691, 11.585249141449685, 0.030975481581284436
60.0, 65.0, 11.585249141449685, 11.752426440535679, 0.033793934928442626
60.0, 65.0, 11.752426440535679, 11.919603739621671, 0.021133607524432777
60.0, 65.0, 11.919603739621671, 12.086781038707665, 0.02064434769454017
60.0, 65.0, 12.086781038707665, 12.253958337793659, 0.0032435342896543215
60.0, 65.0, 12.253958337793659, 12.42113563687965, 0.0115801217148432
65.0, 70.0, 8.241703159729818, 8.408880458815812, 0.0008666681239721174
65.0, 70.0, 8.408880458815812, 8.576057757901804, 0.0022678244529853973
65.0, 70.0, 8.576057757901804, 8.743235056987798, 0.0006120682893334242
65.0, 70.0, 8.743235056987798, 8.910412356073792, 0.009871529952127516
65.0, 70.0, 8.910412356073792, 9.077589655159784, 0.004438352336167793
65.0, 70.0, 9.077589655159784, 9.244766954245778, 0.019811210365042155
65.0, 70.0, 9.244766954245778, 9.411944253331772, 0.03897134808897964
65.0, 70.0, 9.411944253331772, 9.579121552417764, 0.04398276436270961
65.0, 70.0, 9.579121552417764, 9.746298851503758, 0.0484978395446692
65.0, 70.0, 9.746298851503758, 9.913476150589752, 0.06065605319679238
65.0, 70.0, 9.913476150589752, 10.080653449675744, 0.08198886190016343
65.0, 70.0, 10.080653449675744, 10.247830748761737, 0.09030064640069128
65.0, 70.0, 10.247830748761737, 10.415008047847731, 0.10679691548442762
65.0, 70.0, 10.415008047847731, 10.582185346933723, 0.09801579290489411
65.0, 70.0, 10.582185346933723, 10.749362646019717, 0.07878579024316856
65.0, 70.0, 10.749362646019717, 10.916539945105711, 0.0666228617792928
65.0, 70.0, 10.916539945105711, 11.083717244191705, 0.07092062700138402
65.0, 70.0, 11.083717244191705, 11.250894543277699, 0.057059937687333404
65.0, 70.0, 11.250894543277699, 11.418071842363691, 0.04797620991713504
65.0, 70.0, 11.418071842363691, 11.585249141449685, 0.029516864667329314
65.0, 70.0, 11.585249141449685, 11.752426440535679, 0.015483870414684839
65.0, 70.0, 11.752426440535679, 11.919603739621671, 0.0073508201415043595
65.0, 70.0, 11.919603739621671, 12.086781038707665, 0.010463024517449732
65.0, 70.0, 12.086781038707665, 12.253958337793659, 0.003856716013600946
65.0, 70.0, 12.253958337793659, 12.42113563687965, 0.004885402214161323
70.0, 75.0, 8.241703159729818, 8.408880458815812, 0.0
70.0, 75.0, 8.408880458815812, 8.576057757901804, 0.0016734754659332672
70.0, 75.0, 8.576057757901804, 8.743235056987798, 0.0010236629639156201
70.0, 75.0, 8.743235056987798, 8.910412356073792, 0.0014625988126342711
70.0, 75.0, 8.910412356073792, 9.077589655159784, 0.0039019991106732745
70.0, 75.0, 9.077589655159784, 9.244766954245778, 0.013471113022596605
70.0, 75.0, 9.244766954245778, 9.411944253331772, 0.03175906535301793
70.0, 75.0, 9.411944253331772, 9.579121552417764, 0.04986790269890875
70.0, 75.0, 9.579121552417764, 9.746298851503758, 0.06222319184985166
70.0, 75.0, 9.746298851503758, 9.913476150589752, 0.09959157618062288
70.0, 75.0, 9.913476150589752, 10.080653449675744, 0.08282349780323803
70.0, 75.0, 10.080653449675744, 10.247830748761737, 0.1214982760182739
70.0, 75.0, 10.247830748761737, 10.415008047847731, 0.11633101698780664
70.0, 75.0, 10.415008047847731, 10.582185346933723, 0.09565833608427568
70.0, 75.0, 10.582185346933723, 10.749362646019717, 0.07104408415488447
70.0, 75.0, 10.749362646019717, 10.916539945105711, 0.058049396163815235
70.0, 75.0, 10.916539945105711, 11.083717244191705, 0.061116740273900134
70.0, 75.0, 11.083717244191705, 11.250894543277699, 0.05533351314256199
70.0, 75.0, 11.250894543277699, 11.418071842363691, 0.025446824197601317
70.0, 75.0, 11.418071842363691, 11.585249141449685, 0.02165104443821939
70.0, 75.0, 11.585249141449685, 11.752426440535679, 0.015303396832372326
70.0, 75.0, 11.752426440535679, 11.919603739621671, 0.00364998849290361
70.0, 75.0, 11.919603739621671, 12.086781038707665, 0.0035729273949079276
70.0, 75.0, 12.086781038707665, 12.253958337793659, 0.003546372557085091
70.0, 75.0, 12.253958337793659, 12.42113563687965, 0.0
75.0, 80.0, 8.241703159729818, 8.408880458815812, 0.00054393040690494
75.0, 80.0, 8.408880458815812, 8.576057757901804, 0.0021480681213660834
75.0, 80.0, 8.576057757901804, 8.743235056987798, 0.002306021199459116
75.0, 80.0, 8.743235056987798, 8.910412356073792, 0.004466744315212475
75.0, 80.0, 8.910412356073792, 9.077589655159784, 0.008557119723277455
75.0, 80.0, 9.077589655159784, 9.244766954245778, 0.028124553266980542
75.0, 80.0, 9.244766954245778, 9.411944253331772, 0.038986991134473375
75.0, 80.0, 9.411944253331772, 9.579121552417764, 0.060795530443463815
75.0, 80.0, 9.579121552417764, 9.746298851503758, 0.0888160315343712
75.0, 80.0, 9.746298851503758, 9.913476150589752, 0.1118319510486069
75.0, 80.0, 9.913476150589752, 10.080653449675744, 0.10822855857270411
75.0, 80.0, 10.080653449675744, 10.247830748761737, 0.1182995905874964
75.0, 80.0, 10.247830748761737, 10.415008047847731, 0.0978029523633202
75.0, 80.0, 10.415008047847731, 10.582185346933723, 0.08440764080438894
75.0, 80.0, 10.582185346933723, 10.749362646019717, 0.0700238335727627
75.0, 80.0, 10.749362646019717, 10.916539945105711, 0.06128813781757591
75.0, 80.0, 10.916539945105711, 11.083717244191705, 0.04182452209819807
75.0, 80.0, 11.083717244191705, 11.250894543277699, 0.03081233346378914
75.0, 80.0, 11.250894543277699, 11.418071842363691, 0.01766355994366184
75.0, 80.0, 11.418071842363691, 11.585249141449685, 0.011031405477737755
75.0, 80.0, 11.585249141449685, 11.752426440535679, 0.0073855953354628094
75.0, 80.0, 11.752426440535679, 11.919603739621671, 0.002733478787651538
75.0, 80.0, 11.919603739621671, 12.086781038707665, 0.001576952911703292
75.0, 80.0, 12.086781038707665, 12.253958337793659, 0.00034449706943139236
75.0, 80.0, 12.253958337793659, 12.42113563687965, 0.0
80.0, 85.0, 8.241703159729818, 8.408880458815812, 0.00054393040690494
80.0, 85.0, 8.408880458815812, 8.576057757901804, 0.0021480681213660834
80.0, 85.0, 8.576057757901804, 8.743235056987798, 0.002306021199459116
80.0, 85.0, 8.743235056987798, 8.910412356073792, 0.004466744315212475
80.0, 85.0, 8.910412356073792, 9.077589655159784, 0.008557119723277455
80.0, 85.0, 9.077589655159784, 9.244766954245778, 0.028124553266980542
80.0, 85.0, 9.244766954245778, 9.411944253331772, 0.038986991134473375
80.0, 85.0, 9.411944253331772, 9.579121552417764, 0.060795530443463815
80.0, 85.0, 9.579121552417764, 9.746298851503758, 0.0888160315343712
80.0, 85.0, 9.746298851503758, 9.913476150589752, 0.1118319510486069
80.0, 85.0, 9.913476150589752, 10.080653449675744, 0.10822855857270411
80.0, 85.0, 10.080653449675744, 10.247830748761737, 0.1182995905874964
80.0, 85.0, 10.247830748761737, 10.415008047847731, 0.0978029523633202
80.0, 85.0, 10.415008047847731, 10.582185346933723, 0.08440764080438894
80.0, 85.0, 10.582185346933723, 10.749362646019717, 0.0700238335727627
80.0, 85.0, 10.749362646019717, 10.916539945105711, 0.06128813781757591
80.0, 85.0, 10.916539945105711, 11.083717244191705, 0.04182452209819807
80.0, 85.0, 11.083717244191705, 11.250894543277699, 0.03081233346378914
80.0, 85.0, 11.250894543277699, 11.418071842363691, 0.01766355994366184
80.0, 85.0, 11.418071842363691, 11.585249141449685, 0.011031405477737755
80.0, 85.0, 11.585249141449685, 11.752426440535679, 0.0073855953354628094
80.0, 85.0, 11.752426440535679, 11.919603739621671, 0.002733478787651538
80.0, 85.0, 11.919603739621671, 12.086781038707665, 0.001576952911703292
80.0, 85.0, 12.086781038707665, 12.253958337793659, 0.00034449706943139236
80.0, 85.0, 12.253958337793659, 12.42113563687965, 0.0
85.0, 95.0, 8.241703159729818, 8.408880458815812, 0.00054393040690494
85.0, 95.0, 8.408880458815812, 8.576057757901804, 0.0021480681213660834
85.0, 95.0, 8.576057757901804, 8.743235056987798, 0.002306021199459116
85.0, 95.0, 8.743235056987798, 8.910412356073792, 0.004466744315212475
85.0, 95.0, 8.910412356073792, 9.077589655159784, 0.008557119723277455
85.0, 95.0, 9.077589655159784, 9.244766954245778, 0.028124553266980542
85.0, 95.0, 9.244766954245778, 9.411944253331772, 0.038986991134473375
85.0, 95.0, 9.411944253331772, 9.579121552417764, 0.060795530443463815
85.0, 95.0, 9.579121552417764, 9.746298851503758, 0.0888160315343712
85.0, 95.0, 9.746298851503758, 9.913476150589752, 0.1118319510486069
85.0, 95.0, 9.913476150589752, 10.080653449675744, 0.10822855857270411
85.0, 95.0, 10.080653449675744, 10.247830748761737, 0.1182995905874964
85.0, 95.0, 10.247830748761737, 10.415008047847731, 0.0978029523633202
85.0, 95.0, 10.415008047847731, 10.582185346933723, 0.08440764080438894
85.0, 95.0, 10.582185346933723, 10.749362646019717, 0.0700238335727627
85.0, 95.0, 10.749362646019717, 10.916539945105711, 0.06128813781757591
85.0, 95.0, 10.916539945105711, 11.083717244191705, 0.04182452209819807
85.0, 95.0, 11.083717244191705, 11.250894543277699, 0.03081233346378914
85.0, 95.0, 11.250894543277699, 11.418071842363691, 0.01766355994366184
85.0, 95.0, 11.418071842363691, 11.585249141449685, 0.011031405477737755
85.0, 95.0, 11.585249141449685, 11.752426440535679, 0.0073855953354628094
85.0, 95.0, 11.752426440535679, 11.919603739621671, 0.002733478787651538
85.0, 95.0, 11.919603739621671, 12.086781038707665, 0.001576952911703292
85.0, 95.0, 12.086781038707665, 12.253958337793659, 0.00034449706943139236
85.0, 95.0, 12.253958337793659, 12.42113563687965, 0.0
