iteration,memberId,overallCompositeLoss,rankingLoss,rankingObjective,passCount,warnCount,failCount,normalizedSourceMovement,PSYCHOLOGICAL_COST_OF_RENTING,SENSITIVITY_RENT_OR_PURCHASE,BTL_CHOICE_INTENSITY,MARKET_AVERAGE_PRICE_DECAY
0,0,0.5264813736223135,0.5264813736223135,family_aware_metric_loss,5,0,12,0.0,0.4,0.001,100.0,0.5
0,1,0.5206159178915895,0.5206159178915895,family_aware_metric_loss,6,0,11,0.23886047958794354,0.4478607347758429,0.0014800160015242532,69.89113133164484,0.4497838861083775
0,2,0.5326974196228031,0.5326974196228031,family_aware_metric_loss,5,0,12,0.3455354524457147,0.554870930669391,0.0005843059859029626,119.77233509747231,0.6160906037135538
0,3,0.5186591419176415,0.5186591419176415,family_aware_metric_loss,5,1,11,0.18257398208069917,0.27727446626184965,0.001019096760798041,64.62464627432377,0.4913547829218793
0,4,0.5194865184029668,0.5194865184029668,family_aware_metric_loss,4,2,11,0.3287911977838451,0.23036158116982886,0.0005358242137638374,75.79231510776083,0.5268924164728833
0,5,0.5141584177469755,0.5141584177469755,family_aware_metric_loss,5,2,10,0.20636030791659873,0.5994099478215137,0.000934538259944121,93.01988332063237,0.5653474603042647
0,6,0.5112143048864486,0.5112143048864486,family_aware_metric_loss,6,1,10,0.3528091404513611,0.5017830647681442,0.0006844659215054105,54.75736825898263,0.41682699662208333
0,7,0.4998868804262937,0.4998868804262937,family_aware_metric_loss,5,2,10,0.29852472525824186,0.32814614808565606,0.0011823945801795166,133.83045071006802,0.6893573294061415
0,8,0.5499505605606364,0.5499505605606364,family_aware_metric_loss,4,1,12,0.3777131097610765,0.3012112654754378,0.0006454659878090649,50.24591886850843,0.5838737198341781
0,9,0.5179464199063235,0.5179464199063235,family_aware_metric_loss,6,0,11,0.18301996589441166,0.4749736408248708,0.001111438877143785,140.88130268270734,0.5493868959400741
0,10,0.5078121756970921,0.5078121756970921,family_aware_metric_loss,7,0,10,0.3500589136253768,0.5774569887471905,0.000763706374375385,82.57509725842176,0.6721698116610222
0,11,0.5237256571380895,0.5237256571380895,family_aware_metric_loss,5,1,11,0.2967071475314658,0.2079407263596804,0.0013248641624826892,88.34043494074021,0.40127813831272163
0,12,0.5090244965931594,0.5090244965931594,family_aware_metric_loss,5,1,11,0.24626520698356738,0.2537936776692289,0.0007259525480546564,130.48579603485123,0.4678970571966654
0,13,0.5074674217040206,0.5074674217040206,family_aware_metric_loss,6,0,11,0.3689819192194629,0.5317680361920987,0.0012593685280967402,61.37118917685484,0.6619813421562819
0,14,0.5288643534160054,0.5288643534160054,family_aware_metric_loss,4,1,12,0.18700489358443118,0.4215898501047633,0.0005351225252160792,103.82812388504259,0.4700294279524456
0,15,0.5245045072584774,0.5245045072584774,family_aware_metric_loss,5,1,11,0.18933150095266343,0.35486773440705466,0.0009214368178315149,73.57566861575624,0.5981154021688844
0,16,0.5288993993228202,0.5288993993228202,family_aware_metric_loss,4,1,12,0.3219370614125142,0.36693834168103245,0.0005051364566525119,146.68876743714537,0.42738753013449016
0,17,0.5226959076773187,0.5226959076773187,family_aware_metric_loss,5,0,12,0.34459000050422783,0.4098449568167768,0.0008801303418452734,52.313657766305184,0.6992169111357603
0,18,0.5413836312280644,0.5413836312280644,family_aware_metric_loss,4,1,12,0.16649399713945615,0.5175945385528188,0.0007399091362174203,92.38534904266602,0.514189389410024
0,19,0.48115764311299086,0.48115764311299086,family_aware_metric_loss,7,0,10,0.20816645069581174,0.2672106573953081,0.0012794569819665304,86.33867639950064,0.5524503721417671
0,20,0.49953779562748934,0.49953779562748934,family_aware_metric_loss,4,3,10,0.3806445784155006,0.22025075409354164,0.0008051443617094633,58.461711525806955,0.6282607451463882
0,21,0.5260150902033146,0.5260150902033146,family_aware_metric_loss,5,1,11,0.22751980508480527,0.564983853288584,0.0013922626110558745,124.27471548393261,0.5037991497049384
0,22,0.5257418724967506,0.5257418724967506,family_aware_metric_loss,5,0,12,0.3206988334875279,0.4631468840854385,0.0006309166157095415,70.98980500495074,0.6314950162652764
0,23,0.5050630387394583,0.5050630387394583,family_aware_metric_loss,4,3,10,0.12319551182578264,0.3123318321542351,0.0010992840117446394,100.17232101920499,0.43847628416952344
0,24,0.5160351540238111,0.5160351540238111,family_aware_metric_loss,5,1,11,0.22923958813037404,0.3395596998824945,0.00067119481216523,67.41619728426052,0.48208606455735337
0,25,0.5268738600820798,0.5268738600820798,family_aware_metric_loss,5,1,11,0.19196387148265126,0.4903226390643174,0.0011657048398395471,109.1330224859266,0.6106095012396655
0,26,0.5173277803932098,0.5173277803932098,family_aware_metric_loss,6,1,10,0.39047239068161366,0.5876928064030661,0.0005679364073367761,61.54395627432453,0.4560918877100719
0,27,0.47319907709531606,0.47319907709531606,family_aware_metric_loss,6,2,9,0.24709135314051703,0.24347429331875536,0.0009768252110524808,114.03980614856597,0.6507578807804411
0,28,0.5080304239064485,0.5080304239064485,family_aware_metric_loss,5,1,11,0.3328860515482448,0.29129124609977797,0.0005987434214173512,97.25227662647552,0.6826823251916725
0,29,0.5181915756290607,0.5181915756290607,family_aware_metric_loss,5,2,10,0.21931609561133472,0.5412962607329831,0.0010298121477325358,79.22490196554955,0.4112204958865654
0,30,0.5216849237529139,0.5216849237529139,family_aware_metric_loss,6,0,11,0.19799342888009436,0.43625951399785956,0.0008113528825145346,139.30884325299792,0.5710739094100145
0,31,0.5262288823396974,0.5262288823396974,family_aware_metric_loss,6,0,11,0.2378497286380518,0.3933553530508156,0.0014091248010923106,56.995068063357685,0.5365674947345469
0,32,0.5366632619992875,0.5366632619992875,family_aware_metric_loss,4,1,12,0.2331608377789302,0.3892435347548615,0.0005781069212085119,80.95393411948537,0.43430866362048537
0,33,0.5277484020052879,0.5277484020052879,family_aware_metric_loss,5,0,12,0.15556049502787214,0.42863609150714405,0.0009953854064088125,86.62351716250373,0.636137339805479
0,34,0.5050355327789484,0.5050355327789484,family_aware_metric_loss,7,0,10,0.2806204614914678,0.5376831312812506,0.0008399509128114363,51.20438949050834,0.5089554233888358
0,35,0.48166737871217125,0.48166737871217125,family_aware_metric_loss,7,0,10,0.33072645706858783,0.28422123443190245,0.0014572295341913934,143.57830229267265,0.6231694210881237
0,36,0.5096489786981322,0.5096489786981322,family_aware_metric_loss,6,0,11,0.2393434361701151,0.23559552787760696,0.00069486769290021,105.91880197862817,0.5575532099587746
0,37,0.509203991816084,0.509203991816084,family_aware_metric_loss,7,0,10,0.22757418427218387,0.5831149969183124,0.0012055239512626364,75.06218982515972,0.5093174634125257
0,38,0.5476976511593085,0.5476976511593085,family_aware_metric_loss,4,1,12,0.3984008233209392,0.481364662834209,0.0005483500514403573,128.06568272362347,0.6951581405233265
0,39,0.5318218752101489,0.5318218752101489,family_aware_metric_loss,4,2,11,0.22291110548387894,0.33387554074867065,0.0009441502150053712,60.24508310722701,0.43174427156495976
0,40,0.4917747226613596,0.4917747226613596,family_aware_metric_loss,6,1,10,0.17901102333862973,0.3082025015491028,0.0007785236265729279,121.61917037763338,0.5316280263140825
0,41,0.5315476833746198,0.5315476833746198,family_aware_metric_loss,5,1,11,0.253147101230665,0.4554509297577718,0.0013447859669488715,65.63430378451834,0.5761455938429713
0,42,0.5146135265128661,0.5146135265128661,family_aware_metric_loss,6,1,10,0.2908743310573262,0.5613589340474067,0.0006527291952127856,111.50284623606801,0.41533624619653176
0,43,0.4875410350476476,0.4875410350476476,family_aware_metric_loss,6,1,10,0.37128306340028244,0.21402682770246229,0.0011385110369892817,68.88015279696855,0.6783493013946706
0,44,0.5333638230237655,0.5333638230237655,family_aware_metric_loss,5,0,12,0.49389859863889457,0.2587504364268833,0.0005225899444463427,53.90196982422778,0.6552007680718206
0,45,0.5158867054719898,0.5158867054719898,family_aware_metric_loss,5,1,11,0.18842156188029147,0.5120293544648361,0.0009115173105997982,131.74865600060548,0.4517265464510227
0,46,0.5438871585947692,0.5438871585947692,family_aware_metric_loss,4,1,12,0.21694459502917746,0.4002618464626564,0.0007154601563848506,76.88099961063553,0.6053741012296756
0,47,0.5080335600450114,0.5080335600450114,family_aware_metric_loss,5,1,11,0.09380933226484175,0.36092238648753033,0.0012358533300831764,94.37499777146856,0.4871024429453924
1,0,0.5109607499620704,0.5109607499620704,family_aware_metric_loss,6,0,11,0.03426172393338063,0.43427417454009415,0.0010025498476061094,94.26179067517613,0.5008825788099553
1,1,0.5315117770589679,0.5315117770589679,family_aware_metric_loss,5,0,12,0.19774918125679083,0.3961265527167595,0.0014944185946134387,74.5252266597579,0.45396389788910196
1,2,0.5424189051008805,0.5424189051008805,family_aware_metric_loss,4,1,12,0.32202874997775865,0.5462936461858526,0.0006284251471364555,120.96159865551257,0.6116797750807546
1,3,0.49664633461233265,0.49664633461233265,family_aware_metric_loss,6,0,11,0.18149332853625177,0.2588933227517174,0.000999310645328311,66.23873564175908,0.495239216671187
1,4,0.5214528411665768,0.5214528411665768,family_aware_metric_loss,4,2,11,0.33908394864843405,0.2146472992544195,0.0005258262653266318,78.39592875466836,0.5302464031491814
1,5,0.5358255143105575,0.5358255143105575,family_aware_metric_loss,4,2,11,0.18213091318764602,0.5544317546913468,0.0008893338816434354,99.6433877125978,0.5811145486854027
1,6,0.5251397860626211,0.5251397860626211,family_aware_metric_loss,5,1,11,0.33945438926250937,0.49156344272480856,0.00068192077828422,56.003941442044884,0.41991948849672717
1,7,0.5037793391558233,0.5037793391558233,family_aware_metric_loss,5,1,11,0.2884546961732598,0.35120498965620506,0.0012234710293118267,131.52722714210717,0.6888779669917773
1,8,0.5372090057390739,0.5372090057390739,family_aware_metric_loss,5,0,12,0.3758269840000272,0.32874048031781866,0.000630086483868809,48.609542715180474,0.5858275335909956
1,9,0.5458917114398725,0.5458917114398725,family_aware_metric_loss,4,0,13,0.19281830691757948,0.4707018532076016,0.0011529832203200949,142.66976157131947,0.5508245069803019
1,10,0.5039881092020544,0.5039881092020544,family_aware_metric_loss,7,0,10,0.3612785688275297,0.5797577441091057,0.0007475210100105419,81.83475316164868,0.6750819068680222
1,11,0.501724172896104,0.501724172896104,family_aware_metric_loss,6,0,11,0.3017988425677252,0.1966676203003162,0.001338549150128775,90.49448223988568,0.4015294302275167
1,12,0.49489263704104425,0.49489263704104425,family_aware_metric_loss,6,1,10,0.24773753062652376,0.25367844004529144,0.0007264141993583559,128.49790549237932,0.4617946476918867
1,13,0.5064210435535276,0.5064210435535276,family_aware_metric_loss,7,0,10,0.3611346467258007,0.5149738939379592,0.0013555864389690705,63.403004806516,0.6543801072114455
1,14,0.5096205272022651,0.5096205272022651,family_aware_metric_loss,5,0,12,0.18045961523233472,0.42567066322368374,0.0005536469318431748,102.57604701880358,0.46803703044606004
1,15,0.5117768395068183,0.5117768395068183,family_aware_metric_loss,5,1,11,0.19895447437376362,0.33505707505310456,0.0009134576157081171,74.64860878276436,0.5974061129091637
1,16,0.53136397670576,0.53136397670576,family_aware_metric_loss,5,0,12,0.3309879480061682,0.3576967149288038,0.0004924143093158188,147.1463514597245,0.43044145908452025
1,17,0.5302038464571366,0.5302038464571366,family_aware_metric_loss,5,0,12,0.336495492623518,0.39033184917857255,0.000872905993831981,53.8614316337907,0.6959851238247846
1,18,0.5439009239305002,0.5439009239305002,family_aware_metric_loss,4,1,12,0.12928823283523647,0.4749509095099053,0.0007379546828867144,97.3184197235231,0.5139476929593304
1,19,0.5112202049701638,0.5112202049701638,family_aware_metric_loss,5,2,10,0.1992122785875536,0.26230204675547475,0.0012004861106990545,86.58399123235614,0.5564520511313786
1,20,0.5068855208634198,0.5068855208634198,family_aware_metric_loss,5,2,10,0.41240399318054033,0.19229853271803235,0.0007568836439433426,60.76379988327262,0.6351960067625326
1,21,0.5438117364514481,0.5438117364514481,family_aware_metric_loss,5,0,12,0.2329348802006612,0.5660084023607231,0.001428644149595353,125.19892911046063,0.5001455720762424
1,22,0.5512714687717123,0.5512714687717123,family_aware_metric_loss,4,1,12,0.3145302580744708,0.4460679315474422,0.0006088178990284759,72.77336918467742,0.6330396104660543
1,23,0.519953176631172,0.519953176631172,family_aware_metric_loss,5,1,11,0.1289350519993892,0.3179893088205361,0.0011562032850935984,100.20089702683966,0.4412628478697346
1,24,0.5539313624741488,0.5539313624741488,family_aware_metric_loss,4,0,13,0.22778841025799645,0.36178381745621646,0.0006805129049319149,63.8400551159028,0.47943343135260164
1,25,0.5369117754898861,0.5369117754898861,family_aware_metric_loss,5,0,12,0.1999871077011232,0.5120560053607591,0.001191537021396421,104.79486817665169,0.6094098762169622
1,26,0.511774969753663,0.511774969753663,family_aware_metric_loss,6,1,10,0.35625866463358197,0.5612336226237122,0.0005771839716806827,63.55809101873413,0.4616022616010726
1,27,0.48090701242950684,0.48090701242950684,family_aware_metric_loss,6,2,9,0.2394030139790461,0.25125669766571557,0.0010091755485213167,113.47575225704088,0.6529500639719417
1,28,0.5262219455837523,0.5262219455837523,family_aware_metric_loss,4,2,11,0.32211442924340183,0.3016665985322855,0.0006154028186003862,96.74364608989413,0.6833252497163345
1,29,0.5249166426708649,0.5249166426708649,family_aware_metric_loss,5,1,11,0.18268020104893462,0.5061576088549863,0.001017335971228756,83.15123463223637,0.41197520087676254
1,30,0.5174268108133177,0.5174268108133177,family_aware_metric_loss,4,2,11,0.19356617432109505,0.43546935543586063,0.000822671021938731,139.64523434526708,0.5692753560840369
1,31,0.5336430990785481,0.5336430990785481,family_aware_metric_loss,5,1,11,0.24233661033716608,0.42398788513612085,0.0013475536426867506,55.09582847971645,0.5327005198956558
1,32,0.5106368085447308,0.5106368085447308,family_aware_metric_loss,5,0,12,0.22896549416453923,0.4024226059130898,0.0005981976950244448,78.69331807511308,0.432209668874728
1,33,0.5447241329584749,0.5447241329584749,family_aware_metric_loss,4,1,12,0.16559212096187714,0.4290401024410357,0.0009621200388073571,85.97977149390816,0.6365825427897427
1,34,0.5058979710059793,0.5058979710059793,family_aware_metric_loss,7,0,10,0.2931240280370924,0.5414493552544128,0.0008471176042064319,50.31104513914771,0.519340095394488
1,35,0.48340835011751343,0.48340835011751343,family_aware_metric_loss,6,2,9,0.33845202824535586,0.2809391606851405,0.0014904906525747424,144.37945191050892,0.6222765546776483
1,36,0.49588234499340916,0.49588234499340916,family_aware_metric_loss,5,2,10,0.22939761088438745,0.24522529436162532,0.0006740883051225871,103.16457816733988,0.5518294121488996
1,37,0.5202424870606462,0.5202424870606462,family_aware_metric_loss,5,2,10,0.23605801254370454,0.5840717763116593,0.0012303372826624507,75.04144895913291,0.5133298808820287
1,38,0.5279661874374756,0.5279661874374756,family_aware_metric_loss,5,0,12,0.39765228336548425,0.4900931680934175,0.0005492732540151289,125.10954918175683,0.6948991249330297
1,39,0.533548129140977,0.533548129140977,family_aware_metric_loss,5,0,12,0.22110513404386573,0.31618401232388665,0.0009368548888272532,62.527763377212715,0.43797310755544244
1,40,0.5159524417582438,0.5159524417582438,family_aware_metric_loss,4,2,11,0.1444503229213128,0.33954746722847634,0.0007853664162734152,114.96840540797172,0.5299758381153699
1,41,0.5252447878559483,0.5252447878559483,family_aware_metric_loss,6,0,11,0.24597732793436983,0.4542883309911974,0.0013095672928852913,66.472754140594,0.579324200824276
1,42,0.5397836045811357,0.5397836045811357,family_aware_metric_loss,4,2,11,0.2681291654187904,0.5269172637338889,0.0006708902672431929,117.21255361259485,0.42099594883103963
1,43,0.49015653635676665,0.49015653635676665,family_aware_metric_loss,6,1,10,0.3817987139592905,0.21958775286027155,0.0011716214073654628,67.75453631555114,0.682885782042047
1,44,0.5318546730639243,0.5318546730639243,family_aware_metric_loss,4,1,12,0.507639997105081,0.24104596769045206,0.0005103155028996569,55.755608723755564,0.6601395210725862
1,45,0.5086785832973844,0.5086785832973844,family_aware_metric_loss,6,0,11,0.16442855375608278,0.4387905434429887,0.0008958524756976921,145.45387112350116,0.4601804873987937
1,46,0.5260143579479508,0.5260143579479508,family_aware_metric_loss,5,0,12,0.22800420440352676,0.37441076596973133,0.00071678634412594,80.151483083607,0.6136465240128894
1,47,0.49334755439715205,0.49334755439715205,family_aware_metric_loss,5,2,10,0.09780578754313672,0.32857228509577685,0.0012138549892288324,99.774532405656,0.48462274392218474
2,0,0.5258825414932896,0.5258825414932896,family_aware_metric_loss,4,2,11,0.012432555542510082,0.40892677549114664,0.0010035016222623078,98.30769119172338,0.5034336971754872
2,1,0.5395729384788471,0.5395729384788471,family_aware_metric_loss,5,1,11,0.21558325340296253,0.4143687746987351,0.0015038365972753357,70.97420219759485,0.4547686976059587
2,2,0.5341900782760186,0.5341900782760186,family_aware_metric_loss,4,1,12,0.32007820786213537,0.5525108081435229,0.0006369620436351984,121.02930510597739,0.6077322142475509
2,3,0.5328090635377707,0.5328090635377707,family_aware_metric_loss,4,1,12,0.18694212598863566,0.2513898736216473,0.00097325368982738,67.18481707517208,0.4981112635782915
2,4,0.5245144879363377,0.5245144879363377,family_aware_metric_loss,4,2,11,0.3308782834362693,0.23090436057309627,0.0005340214118251153,75.45556498632925,0.5277878132860251
2,5,0.5341999370418352,0.5341999370418352,family_aware_metric_loss,4,2,11,0.1766131603974061,0.5410393693134629,0.0008932859913551931,101.87653494098728,0.5822845448025848
2,6,0.5027917823362287,0.5027917823362287,family_aware_metric_loss,6,1,10,0.32578181836835085,0.47686556710288563,0.0006796638151531762,57.606586436845966,0.4191239253505503
2,7,0.4917160079930656,0.4917160079930656,family_aware_metric_loss,5,2,10,0.2771836100134355,0.35864776900003076,0.0012072457594271525,129.40459320226768,0.6886272870056169
2,8,0.5297527319387215,0.5297527319387215,family_aware_metric_loss,4,2,11,0.38153913949273743,0.3094043895806935,0.0006251668412240203,50.28861434837488,0.5860660722081719
2,9,0.5141104687872832,0.5141104687872832,family_aware_metric_loss,5,1,11,0.1885409027609557,0.45435910657369266,0.0011536407324799717,143.79101959777907,0.5552314495861896
2,10,0.5179313604713686,0.5179313604713686,family_aware_metric_loss,5,1,11,0.3619531228504668,0.5854649957740025,0.0007679036967651184,80.0936992352048,0.6726770270425475
2,11,0.5337224091309901,0.5337224091309901,family_aware_metric_loss,5,0,12,0.2997350845002973,0.1984504399691171,0.0013304165149041626,89.56379884416204,0.40319372633445505
2,12,0.5289453414654751,0.5289453414654751,family_aware_metric_loss,5,1,11,0.2661021832817212,0.2324922635632114,0.0007419951130369153,132.92599693784635,0.4603126056911621
2,13,0.5188179373328898,0.5188179373328898,family_aware_metric_loss,5,2,10,0.35181431824310916,0.5087033586850008,0.0013204795659470347,64.29982640386534,0.658662225913922
2,14,0.5307343645961626,0.5307343645961626,family_aware_metric_loss,5,0,12,0.18072753732940938,0.42174707546951185,0.0005530836748514115,103.35026388606127,0.4673479981089229
2,15,0.5196620313979776,0.5196620313979776,family_aware_metric_loss,4,2,11,0.20862313473843358,0.31935596321778115,0.000897973776003847,76.67663552354558,0.6007911257461693
2,16,0.5150768751295574,0.5150768751295574,family_aware_metric_loss,5,1,11,0.3053745543420153,0.3750415165720996,0.0004950878881671656,139.73697933255454,0.43343273293724294
2,17,0.511361755600035,0.511361755600035,family_aware_metric_loss,5,1,11,0.35055752827727227,0.4061616432743302,0.0008369323658828111,52.74489738277703,0.6977034247830491
2,18,0.5307365834997716,0.5307365834997716,family_aware_metric_loss,4,1,12,0.10665631124602915,0.43264235037238674,0.0007462369542656645,104.43867580009648,0.5149201764362792
2,19,0.4899349538747812,0.4899349538747812,family_aware_metric_loss,6,1,10,0.19890445505360313,0.24379660465522213,0.0011836554331720428,89.89699092827674,0.5554972826177732
2,20,0.515888623571105,0.515888623571105,family_aware_metric_loss,5,1,11,0.4110751101879354,0.19099705175569556,0.0007736640555395075,60.218615989292616,0.6359154981538935
2,21,0.5287782230608125,0.5287782230608125,family_aware_metric_loss,5,1,11,0.2306217994831315,0.5669704832345033,0.0014085741946595742,125.38360897713757,0.49997112375665675
2,22,0.5325808893719653,0.5325808893719653,family_aware_metric_loss,4,2,11,0.35051373892631804,0.48298148692823145,0.0006132195255200131,67.690218119465,0.6325121775174369
2,23,0.504424724417005,0.504424724417005,family_aware_metric_loss,5,1,11,0.15162177115842246,0.302915067748951,0.0011891486604990416,102.65775553468718,0.4392629604464749
2,24,0.5399983825172083,0.5399983825172083,family_aware_metric_loss,4,1,12,0.224236364561111,0.3686816625691991,0.0006958078609032652,61.629705304408546,0.4826280283507922
2,25,0.5180471031975022,0.5180471031975022,family_aware_metric_loss,6,0,11,0.20163624132668934,0.5033482277635656,0.0012288396529600953,104.64338560939913,0.6097959221337194
2,26,0.5156616386172281,0.5156616386172281,family_aware_metric_loss,6,1,10,0.3741658386641644,0.5739969393130188,0.000576195337596362,61.43720727358475,0.46041831710086256
2,27,0.48163112236326716,0.48163112236326716,family_aware_metric_loss,6,2,9,0.22993340421913216,0.25800368661139084,0.001004954953136308,112.13343982059219,0.6513353990322983
2,28,0.5158089013260104,0.5158089013260104,family_aware_metric_loss,4,2,11,0.3361395744390211,0.2920364318910881,0.000611869418772277,95.72280177347534,0.6879728552999689
2,29,0.5340554122578722,0.5340554122578722,family_aware_metric_loss,5,1,11,0.19474747788831404,0.5118627255182628,0.0010402547535597337,82.56326587778433,0.41003218524428947
2,30,0.535060360135333,0.535060360135333,family_aware_metric_loss,5,0,12,0.2004641850237195,0.45561102883653737,0.0008129839906659246,134.0769440088744,0.5717036715348647
2,31,0.528588991886325,0.528588991886325,family_aware_metric_loss,6,0,11,0.23174598780851072,0.4236228861177142,0.0013096100336010123,55.78581219050654,0.5313203379003598
2,32,0.5280023223834382,0.5280023223834382,family_aware_metric_loss,4,1,12,0.2564007207805309,0.4268661284359263,0.0005713126213666112,76.88773172392322,0.4347171966667396
2,33,0.5460220675012648,0.5460220675012648,family_aware_metric_loss,4,1,12,0.18897779549542024,0.45639795156666313,0.000957629253077806,82.43696314359214,0.6329382291649437
2,34,0.5211554092057512,0.5211554092057512,family_aware_metric_loss,6,1,10,0.29396826819348604,0.5359405237819039,0.0008291214111501373,50.97590795825424,0.5226151462740195
2,35,0.4896772448457333,0.4896772448457333,family_aware_metric_loss,7,0,10,0.3574048118586046,0.26511090300557466,0.0015308063872133358,149.36318134966925,0.6162124168957234
2,36,0.5089415790662339,0.5089415790662339,family_aware_metric_loss,4,3,10,0.20754197699850677,0.2613539586712901,0.0006879518693535647,99.24174663233879,0.5501671644818615
2,37,0.5009216882985209,0.5009216882985209,family_aware_metric_loss,6,1,10,0.20810217104722722,0.5551979033227417,0.001215398843004833,78.48744554533788,0.5199562193702876
2,38,0.5305657457187021,0.5305657457187021,family_aware_metric_loss,5,0,12,0.40349169860155826,0.5125415263115043,0.0005449625839440842,119.96243989714097,0.6948538991871736
2,39,0.5407106358834082,0.5407106358834082,family_aware_metric_loss,4,1,12,0.22954747128114206,0.28252316203165656,0.0009075196215464609,66.43570154725005,0.4442244131446636
2,40,0.5040314779539102,0.5040314779539102,family_aware_metric_loss,5,1,11,0.14445523769276525,0.33896216611513763,0.0007772089420054686,114.55646087587051,0.5274900646320473
2,41,0.520910148882432,0.520910148882432,family_aware_metric_loss,6,0,11,0.23706306882293132,0.44267950558425967,0.0012877672024645059,66.9766174244218,0.5836624061622098
2,42,0.5171515813096198,0.5171515813096198,family_aware_metric_loss,6,0,11,0.257574224225824,0.4961604498842931,0.000699028200084446,123.89937471308758,0.41551030069055994
2,43,0.48874886163082515,0.48874886163082515,family_aware_metric_loss,7,0,10,0.37743922293199833,0.20946720253839604,0.001156281852177235,69.8763259938745,0.6811007018076101
2,44,0.5340431149038686,0.5340431149038686,family_aware_metric_loss,4,1,12,0.5261293225567133,0.21983858888992547,0.0004963795869626895,57.67644791991367,0.6659988968000845
2,45,0.527526005857169,0.527526005857169,family_aware_metric_loss,5,0,12,0.15531700853904834,0.42405491893219144,0.0009015895840095687,146.9061439048593,0.46196442752033695
2,46,0.5330231138249969,0.5330231138249969,family_aware_metric_loss,4,1,12,0.23580088547116426,0.3589524094641535,0.000708297916034811,82.15036864184057,0.6159520225713544
2,47,0.516716902323569,0.516716902323569,family_aware_metric_loss,6,0,11,0.09282480261590828,0.3273331957063545,0.0011811088977594065,101.0316707633091,0.48626769793904495
3,0,0.5178020465087444,0.5178020465087444,family_aware_metric_loss,5,1,11,0.010953578938879074,0.4056426243180517,0.001000327374249433,97.77429578824136,0.5032701976534752
3,1,0.5305082070471427,0.5305082070471427,family_aware_metric_loss,5,1,11,0.23526579102414638,0.4346940434851682,0.0014981839870175416,68.6238569397228,0.4532694536011031
3,2,0.5217884783871024,0.5217884783871024,family_aware_metric_loss,5,1,11,0.32721081660290074,0.5566801825449273,0.0006317634752613751,121.31725464985679,0.6101890341855458
3,3,0.5112368373780551,0.5112368373780551,family_aware_metric_loss,5,0,12,0.1969187099228127,0.24360135105278877,0.0009443045719300919,67.50877511182087,0.49937192880032777
3,4,0.5261322311104907,0.5261322311104907,family_aware_metric_loss,5,1,11,0.31816844487828666,0.23956119098521747,0.0005499033984120803,75.48078724811776,0.5277445575570687
3,5,0.5402098763933717,0.5402098763933717,family_aware_metric_loss,4,1,12,0.17554793201382068,0.5353630948846821,0.0008992840173217453,102.87396600212355,0.5847679679842055
3,6,0.5254991495921446,0.5254991495921446,family_aware_metric_loss,5,1,11,0.33465241142540203,0.4847092604028885,0.000663664677065,57.3478858402935,0.42151080430033383
3,7,0.4939468206183238,0.4939468206183238,family_aware_metric_loss,5,3,9,0.2978236503427125,0.33890341548015357,0.0012181113807450113,132.99852815323004,0.6896051314807428
3,8,0.5412989170943857,0.5412989170943857,family_aware_metric_loss,4,2,11,0.37655918212257,0.31379729273686585,0.0006257654283070263,50.449130339008846,0.5842333841058125
3,9,0.5219415330115458,0.5219415330115458,family_aware_metric_loss,4,2,11,0.1869650738368016,0.47485151042099016,0.001110386581414922,139.82870678920676,0.5572154421915767
3,10,0.5112154201483794,0.5112154201483794,family_aware_metric_loss,6,1,10,0.34415883539587083,0.5748635005806108,0.0007893049432709826,81.39174159068806,0.6723327642413295
3,11,0.5139160631101296,0.5139160631101296,family_aware_metric_loss,5,2,10,0.2998022796188481,0.2085291279256286,0.0013348101321575007,87.08743064183858,0.4026974248609748
3,12,0.5083455248866636,0.5083455248866636,family_aware_metric_loss,4,3,10,0.2563241218241397,0.24635426524830983,0.000726604938213859,129.84190327386364,0.46007566273557754
3,13,0.5037916824787801,0.5037916824787801,family_aware_metric_loss,7,0,10,0.375564700028512,0.5252857761269313,0.0013426530624079686,61.656763064216015,0.6587662547364375
3,14,0.5338187423246731,0.5338187423246731,family_aware_metric_loss,4,2,11,0.1715539904456708,0.4065608003908134,0.0005635179735309066,105.38985712525319,0.468221312898488
3,15,0.5099305405614135,0.5099305405614135,family_aware_metric_loss,4,3,10,0.2177619030431881,0.2929051031637239,0.0008922517501836812,79.739716893465,0.6016426468738416
3,16,0.5259626978488406,0.5259626978488406,family_aware_metric_loss,5,0,12,0.296894251365123,0.37558730989988054,0.000516254885162833,139.21527635366894,0.43096910452808834
3,17,0.5258281072499016,0.5258281072499016,family_aware_metric_loss,5,1,11,0.35533002656820656,0.41166120935638784,0.0008416166445670318,51.933238434763425,0.6970866500412578
3,18,0.526228589754993,0.526228589754993,family_aware_metric_loss,4,2,11,0.09296358308826014,0.4147605169785702,0.0007616861941561019,106.0438714790691,0.5119459613642446
3,19,0.48351671167780214,0.48351671167780214,family_aware_metric_loss,6,2,9,0.2138113684119355,0.21677030220425764,0.0012322097047332814,95.0049335542279,0.5549271252744427
3,20,0.5054996423963837,0.5054996423963837,family_aware_metric_loss,4,3,10,0.40539955568312314,0.1972104501623814,0.0007843218151594677,59.54974430812118,0.6355588418452853
3,21,0.5370455014172358,0.5370455014172358,family_aware_metric_loss,5,0,12,0.22862445099752937,0.5716233295628589,0.0013947340613276985,123.34622614976746,0.499006644386151
3,22,0.5219299009931013,0.5219299009931013,family_aware_metric_loss,5,2,10,0.38047126614936777,0.5043564438125262,0.000595350022245068,64.84790850189444,0.6332384817719805
3,23,0.5226888989054651,0.5226888989054651,family_aware_metric_loss,6,0,11,0.13789064931051864,0.3094727300451985,0.0011673202215260743,100.69669315600511,0.4406070776599641
3,24,0.5448698334223964,0.5448698334223964,family_aware_metric_loss,4,1,12,0.22243433723644135,0.3691341863464293,0.0007080394905279795,61.570420129936004,0.47987565792848524
3,25,0.5310790221492274,0.5310790221492274,family_aware_metric_loss,5,1,11,0.19737332024652832,0.49685928652882566,0.0012488507782392035,104.73757542431399,0.6044532394847446
3,26,0.502052925812189,0.502052925812189,family_aware_metric_loss,6,1,10,0.3970796611133342,0.5923919839530238,0.0005704573430435127,59.38560591504138,0.46082813034575637
3,27,0.4799430667056189,0.4799430667056189,family_aware_metric_loss,7,1,9,0.24313631427237622,0.248290557543286,0.0010023212348828578,114.91522369929227,0.6534743780880528
3,28,0.5343800424804162,0.5343800424804162,family_aware_metric_loss,4,0,13,0.3293927745196789,0.299571595556185,0.0006234084023042428,93.89011697863602,0.6855758146018861
3,29,0.5202900668237495,0.5202900668237495,family_aware_metric_loss,6,0,11,0.188477922783295,0.5054694586423526,0.0010514144466023951,83.85326379003914,0.4113171548341137
3,30,0.5402124755612326,0.5402124755612326,family_aware_metric_loss,4,1,12,0.2070507917422933,0.45032449269110614,0.0008071887425842304,137.92409654246407,0.5737776926219063
3,31,0.5138942510390779,0.5138942510390779,family_aware_metric_loss,6,1,10,0.2506026529937945,0.44707955820176704,0.0012936486670842501,53.59595939386489,0.5301135218412858
3,32,0.5388651382814684,0.5388651382814684,family_aware_metric_loss,4,2,11,0.25257958838858213,0.42440124931721535,0.000566264852032563,77.76907486426451,0.4367899650501246
3,33,0.5262848197332772,0.5262848197332772,family_aware_metric_loss,5,1,11,0.1881255120646419,0.4543905761297986,0.0009672808121167001,81.18337262290834,0.6318498127487988
3,34,0.526093916715814,0.526093916715814,family_aware_metric_loss,5,2,10,0.2963702347865251,0.5368819451317193,0.0008346428541763601,50.23230100195294,0.5225659033765204
3,35,0.47599870411380973,0.47599870411380973,family_aware_metric_loss,7,1,9,0.35893012729063317,0.268578320660174,0.0015713482105033788,147.69073751960107,0.6166611369414624
3,36,0.4848376557003919,0.4848376557003919,family_aware_metric_loss,7,0,10,0.21391688077057547,0.2537507711810671,0.0006903058640630338,100.64168673689132,0.5534295974931689
3,37,0.5256612948066162,0.5256612948066162,family_aware_metric_loss,4,3,10,0.2044173435212231,0.5516792425289333,0.0012036670024030232,79.0172952710218,0.5230924800816728
3,38,0.5341825040116328,0.5341825040116328,family_aware_metric_loss,5,0,12,0.4008035578107165,0.5150032299961763,0.0005498220817877256,118.70556109994219,0.6950611469265114
3,39,0.5345811652912146,0.5345811652912146,family_aware_metric_loss,5,0,12,0.2306764092400441,0.28164549083182955,0.0009154526565479784,65.71395066867186,0.444135582975699
3,40,0.5170268971916157,0.5170268971916157,family_aware_metric_loss,5,1,11,0.1635322217883352,0.32979383971055176,0.0007535586587099565,116.66184597400596,0.5308227021345291
3,41,0.522020717183296,0.522020717183296,family_aware_metric_loss,5,1,11,0.22355930647252226,0.42793635075193137,0.0012833966881944702,69.23647771799257,0.5879190782499282
3,42,0.5211064213803578,0.5211064213803578,family_aware_metric_loss,5,0,12,0.2546525823596865,0.4925104910411617,0.0007028091147618696,123.33286117266148,0.4138851459723715
3,43,0.47738830447608166,0.47738830447608166,family_aware_metric_loss,7,0,10,0.38853356486458507,0.2040319564974467,0.0012040572651655247,70.87501627385451,0.6822465901669217
3,44,0.5407554929753229,0.5407554929753229,family_aware_metric_loss,4,0,13,0.5193970972168387,0.23343466515362474,0.0005043696000440949,55.55674576500068,0.6636435640767575
3,45,0.5200873279568805,0.5200873279568805,family_aware_metric_loss,4,2,11,0.15537936673927272,0.40694192613678937,0.0008842673030109007,153.02491914963045,0.46667015988599886
3,46,0.5285029242616285,0.5285029242616285,family_aware_metric_loss,4,2,11,0.2391276358010025,0.3600225860403534,0.0007095062929162848,81.12671909131106,0.6178016941648347
3,47,0.5238579840182985,0.5238579840182985,family_aware_metric_loss,4,2,11,0.12169021918412748,0.29920613398209717,0.0011844957222571526,106.80711818070526,0.48782529852585044
4,0,0.5341412995295369,0.5341412995295369,family_aware_metric_loss,5,0,12,0.009508780075960505,0.40130830448034527,0.001010916878575243,97.6130126811348,0.5010208361032098
4,1,0.5320186949218233,0.5320186949218233,family_aware_metric_loss,5,1,11,0.22708787495410782,0.42800402662949105,0.0014888172789525257,69.68314475853074,0.4526029985333052
4,2,0.525579281097405,0.525579281097405,family_aware_metric_loss,5,0,12,0.3238486572763146,0.5524915672443973,0.0006296649384370288,121.35366496731339,0.6084329268074629
4,3,0.5211962428075864,0.5211962428075864,family_aware_metric_loss,5,0,12,0.19841579372447057,0.24424758892006124,0.0009453374613227708,66.9247928935269,0.5008882452268695
4,4,0.5186665197310122,0.5186665197310122,family_aware_metric_loss,5,0,12,0.32417746305685785,0.23002103032918236,0.0005426503229215763,77.02543616173116,0.5291256701887115
4,5,0.5150834184056186,0.5150834184056186,family_aware_metric_loss,5,1,11,0.17878435272173682,0.5373487372141897,0.0008874790739329838,102.66240084949945,0.5840130660473284
4,6,0.5226827180942727,0.5226827180942727,family_aware_metric_loss,5,1,11,0.32270295892311884,0.4734664888119391,0.0006692326417097246,58.37748609386341,0.42080359100779674
4,7,0.4892659839047261,0.4892659839047261,family_aware_metric_loss,6,1,10,0.29929026716828655,0.33566751284665824,0.001202078058628867,134.13298669667955,0.6902875563736316
4,8,0.5448868401114972,0.5448868401114972,family_aware_metric_loss,4,1,12,0.3749304987639517,0.3084604339823999,0.0006353752137514393,50.794433573173315,0.5844906656860613
4,9,0.5160019370716012,0.5160019370716012,family_aware_metric_loss,6,0,11,0.18846608098880918,0.4866590070226784,0.001103737209302671,137.0915938801571,0.5576938210736517
4,10,0.5306163634089215,0.5306163634089215,family_aware_metric_loss,4,3,10,0.34041647026506194,0.5731674606885332,0.0007932296053299197,82.61020018246057,0.6744770880064774
4,11,0.521390978326504,0.521390978326504,family_aware_metric_loss,5,1,11,0.2991562655530559,0.21606343302025965,0.00134293426145392,85.8458500705926,0.4024947503118358
4,12,0.5106709275588045,0.5106709275588045,family_aware_metric_loss,5,1,11,0.24868560207154344,0.2566600352986598,0.0007153060691836655,127.0381387027997,0.45939995568556635
4,13,0.5132827913028053,0.5132827913028053,family_aware_metric_loss,6,1,10,0.3648114303148538,0.5207283275792185,0.0013259173908020166,62.60178978049096,0.6569594257827907
4,14,0.5193971269765741,0.5193971269765741,family_aware_metric_loss,5,1,11,0.1704245540922039,0.4176613065283472,0.0005633147170414957,102.75194017218841,0.470379136805955
4,15,0.4951259979047606,0.4951259979047606,family_aware_metric_loss,5,1,11,0.2225309209692722,0.274535512166665,0.0008875442342091044,82.49809367808517,0.6014966095629055
4,16,0.5067763706259848,0.5067763706259848,family_aware_metric_loss,6,0,11,0.31824942433232395,0.3557256986984986,0.000514012643698375,144.46698581369012,0.43035583773612895
4,17,0.5327907508697249,0.5327907508697249,family_aware_metric_loss,5,0,12,0.342361920660668,0.3846944100540534,0.0008456634796309686,54.843497136746315,0.6955347227983648
4,18,0.5379078151960436,0.5379078151960436,family_aware_metric_loss,4,1,12,0.09577984280784589,0.41596794079405286,0.0007564337935998222,105.91356702488609,0.5130276136079441
4,19,0.47785911000789744,0.47785911000789744,family_aware_metric_loss,7,0,10,0.2131478162525771,0.22142383394116794,0.0012332268314758966,94.12295731584305,0.5553943123627696
4,20,0.5100730286354163,0.5100730286354163,family_aware_metric_loss,4,3,10,0.40522492696153034,0.19307328397237258,0.0007917697017721361,60.18970646482239,0.6370316787034624
4,21,0.5199424442182361,0.5199424442182361,family_aware_metric_loss,6,0,11,0.23091891556487332,0.5715751310967242,0.0013993885953434786,123.89904080871125,0.49829983924741367
4,22,0.5202697966373924,0.5202697966373924,family_aware_metric_loss,6,1,10,0.35822890733530904,0.48501799440273774,0.0005984074400680443,67.4442782902262,0.6326471217423244
4,23,0.5190971624237274,0.5190971624237274,family_aware_metric_loss,5,1,11,0.14512176771418267,0.30781408024689577,0.0012010694257332888,99.68848772685912,0.43989947437617277
4,24,0.5210498696581866,0.5210498696581866,family_aware_metric_loss,5,1,11,0.23230082527279053,0.3472838814373731,0.0007021469649786913,63.50376326943359,0.47685574876656206
4,25,0.5219794360652106,0.5219794360652106,family_aware_metric_loss,5,1,11,0.1944621927662733,0.4877789162316705,0.001237417720532265,106.78724114409455,0.6047442393331135
4,26,0.5268741781087991,0.5268741781087991,family_aware_metric_loss,6,0,11,0.3948727393279115,0.5856153722070128,0.0005623021167881769,59.5803515067677,0.46055764044363406
4,27,0.49423724668367003,0.49423724668367003,family_aware_metric_loss,6,1,10,0.2233710061225716,0.26808678874592035,0.0010136850068323121,110.24714686106662,0.6534650944276637
4,28,0.5254371602754231,0.5254371602754231,family_aware_metric_loss,4,2,11,0.32995804144625296,0.305438493670775,0.0006224059632968889,92.27972148883703,0.685377123900462
4,29,0.5189997054720983,0.5189997054720983,family_aware_metric_loss,6,0,11,0.17767786261269344,0.49875422092127714,0.0010442775159818973,85.35129237733985,0.4124953192928273
4,30,0.5229121662410209,0.5229121662410209,family_aware_metric_loss,4,2,11,0.20846999277000586,0.4380498643177855,0.0007915480599312206,140.6975509918371,0.5731303418252764
4,31,0.525832829877066,0.525832829877066,family_aware_metric_loss,5,1,11,0.23112906433559638,0.4248785400701639,0.001303391089112743,56.06114900203739,0.5324626749691714
4,32,0.5391753640138189,0.5391753640138189,family_aware_metric_loss,4,1,12,0.23499843907275866,0.3961360106029818,0.0005675602499669603,80.69329787718085,0.43337121720878
4,33,0.5385004359934976,0.5385004359934976,family_aware_metric_loss,4,2,11,0.1811142728217375,0.4482591195264358,0.000972141064320403,81.68666142783786,0.6307288523767205
4,34,0.513406690698714,0.513406690698714,family_aware_metric_loss,7,0,10,0.3024329758673812,0.5426999464151336,0.000846646017924655,49.029872854569895,0.5226026603794921
4,35,0.49226138375866796,0.49226138375866796,family_aware_metric_loss,6,1,10,0.3530107481974706,0.2766637387494474,0.0015654242919816428,147.42968172941158,0.6172397387060387
4,36,0.48495014714114104,0.48495014714114104,family_aware_metric_loss,7,0,10,0.21650187862714407,0.2505996256952645,0.0006834003778309862,99.68448950057864,0.5520551019157466
4,37,0.5121734618683864,0.5121734618683864,family_aware_metric_loss,6,0,11,0.19655579419338856,0.5440085155979343,0.0012045290057784803,80.36951980523887,0.5242586987425357
4,38,0.5447505580209997,0.5447505580209997,family_aware_metric_loss,4,1,12,0.40486269733766117,0.516721625856231,0.0005439508344073345,118.82273080184137,0.695388648813011
4,39,0.5227539417577692,0.5227539417577692,family_aware_metric_loss,5,1,11,0.22844647926263156,0.2586242363327408,0.0009175577012204057,69.76799902353305,0.4473010446285104
4,40,0.5086665959526919,0.5086665959526919,family_aware_metric_loss,5,1,11,0.15828366449477707,0.3312262251754799,0.000755609383620637,115.66444819445334,0.5284134315146438
4,41,0.5259498765690558,0.5259498765690558,family_aware_metric_loss,6,0,11,0.23910452382835715,0.43818651823161314,0.0012965199718512426,68.20316113050342,0.5930142389211746
4,42,0.5163278405041215,0.5163278405041215,family_aware_metric_loss,5,1,11,0.2506217512458794,0.47746022527144105,0.0007054745126216043,125.96353626554047,0.41284451460815585
4,43,0.4787311246812613,0.4787311246812613,family_aware_metric_loss,7,0,10,0.3865472390817089,0.2039008613424616,0.0011958507724942986,70.6206765445304,0.6808129218650812
4,44,0.5310282917041642,0.5310282917041642,family_aware_metric_loss,4,2,11,0.5192434314978177,0.23463347682236196,0.0005041699878876336,54.795910489156334,0.6607431570728566
4,45,0.5104754546686802,0.5104754546686802,family_aware_metric_loss,6,0,11,0.15372784042124854,0.40370167184192635,0.0008861549901523854,153.33512515337412,0.46640668433703775
4,46,0.5338963845407114,0.5338963845407114,family_aware_metric_loss,5,0,12,0.23785804713029973,0.3735714686411399,0.0007060318401838796,80.02958022934341,0.6206437495329709
4,47,0.5160572219811809,0.5160572219811809,family_aware_metric_loss,5,1,11,0.1352750578599512,0.28621188450942403,0.0011979012073959484,108.43868816833023,0.4883206721643292
5,0,0.5330525821320646,0.5330525821320646,family_aware_metric_loss,5,1,11,0.034145513687182306,0.42984073530057637,0.001022034155549952,95.39387606912808,0.50185674195738
5,1,0.5427385139297167,0.5427385139297167,family_aware_metric_loss,5,0,12,0.21347022540332702,0.41077829678949085,0.0015075904215622379,71.66344916591021,0.4529192070905837
5,2,0.5383890336547531,0.5383890336547531,family_aware_metric_loss,4,1,12,0.3194105754239785,0.5347963204809927,0.0006290773603457224,124.38972321747978,0.6100635081422681
5,3,0.4960634360773446,0.4960634360773446,family_aware_metric_loss,5,2,10,0.20463338889026966,0.22683011729326294,0.0009456628523753866,68.47133386171247,0.5003315260757435
5,4,0.5087628353319358,0.5087628353319358,family_aware_metric_loss,5,1,11,0.32228041477178937,0.23500757956462853,0.0005397950174711269,76.65948469810323,0.5281533952358233
5,5,0.5301909350668587,0.5301909350668587,family_aware_metric_loss,5,1,11,0.17748304212881338,0.536790214005462,0.0008886566138602222,101.61185750863838,0.5862248856376917
5,6,0.5099591099315646,0.5099591099315646,family_aware_metric_loss,6,0,11,0.3318116083615487,0.47650200830156086,0.000657574535570301,57.38176144059084,0.42144335362252494
5,7,0.48849404100739696,0.48849404100739696,family_aware_metric_loss,6,1,10,0.29199385241309594,0.35389927180967895,0.0012393302725211166,131.70206971153473,0.6907980201387367
5,8,0.5309761930527076,0.5309761930527076,family_aware_metric_loss,5,1,11,0.37954931075373266,0.30361622566975155,0.00063272386599633,50.85370152850001,0.585811373226021
5,9,0.5205684790520567,0.5205684790520567,family_aware_metric_loss,4,2,11,0.18918477635685832,0.47857652340774276,0.0011172361769443866,139.4192801955763,0.5562765544250574
5,10,0.5198821150852792,0.5198821150852792,family_aware_metric_loss,6,0,11,0.34015234388455357,0.5626689189938736,0.0007651386347746574,83.57489437866522,0.676027462313967
5,11,0.5189081830216923,0.5189081830216923,family_aware_metric_loss,6,0,11,0.30478245059514747,0.2205386722952316,0.0013798411110305829,85.56277218145391,0.4005903243338693
5,12,0.49111538580716535,0.49111538580716535,family_aware_metric_loss,5,3,9,0.25501338529501405,0.2475108391307834,0.000723527754275629,129.31258089781164,0.4607673972286519
5,13,0.5225947363334318,0.5225947363334318,family_aware_metric_loss,6,0,11,0.3440692792026555,0.4946078208640963,0.0013341981938657837,64.79274784080611,0.6589080073792307
5,14,0.52212900228056,0.52212900228056,family_aware_metric_loss,5,0,12,0.1706524603240431,0.41368524654018474,0.0005607169059279315,103.67164318783333,0.47109803910688575
5,15,0.4913042260814939,0.4913042260814939,family_aware_metric_loss,6,1,10,0.2246105384560586,0.26626446727063663,0.0008854302097701328,83.97544526328025,0.6019038720133107
5,16,0.5058668627291865,0.5058668627291865,family_aware_metric_loss,6,0,11,0.3398070886279901,0.32730198898875734,0.0005311293475123305,151.06402874461278,0.42779470475052755
5,17,0.549244732620467,0.549244732620467,family_aware_metric_loss,4,0,13,0.3435770677662223,0.3709167949091249,0.0008490730684520245,56.18624137556334,0.6953047668669854
5,18,0.5162425659652213,0.5162425659652213,family_aware_metric_loss,5,1,11,0.10387318935774252,0.43993449048466715,0.0007507314172395265,102.0349788787568,0.5145286744006343
5,19,0.5097358190925805,0.5097358190925805,family_aware_metric_loss,6,0,11,0.20510254588061388,0.24152658037961536,0.0012199855311519773,90.39715545345744,0.554249653621447
5,20,0.5163149176646931,0.5163149176646931,family_aware_metric_loss,4,2,11,0.3970807049141573,0.1978282051226028,0.0008194216631400503,59.56473502713228,0.6381837983481884
5,21,0.5282470038299818,0.5282470038299818,family_aware_metric_loss,6,0,11,0.2323686823644532,0.5858074557758836,0.001383570714058518,120.84442446711898,0.49881284294639744
5,22,0.5152354060200699,0.5152354060200699,family_aware_metric_loss,5,1,11,0.35239649795333894,0.4815776379664136,0.0005997399284917566,68.04114474981061,0.6310910515248015
5,23,0.5140274006089823,0.5140274006089823,family_aware_metric_loss,5,1,11,0.14390504453863515,0.3080131944603202,0.0011973782754083528,99.21657735915952,0.4415877934469362
5,24,0.5138594707649284,0.5138594707649284,family_aware_metric_loss,5,0,12,0.23518020202874773,0.33417071849836666,0.0006989722070559235,65.11475024863856,0.4769541769542266
5,25,0.5370661726680523,0.5370661726680523,family_aware_metric_loss,4,2,11,0.19424450906027613,0.48464200816007597,0.0012389513437742186,106.62395117982375,0.6069334905642179
5,26,0.5315956630830893,0.5315956630830893,family_aware_metric_loss,5,2,10,0.3855833214658037,0.5799460087564837,0.0005588408773787651,60.94497248532092,0.4623202154781779
5,27,0.47414821687712333,0.47414821687712333,family_aware_metric_loss,7,0,10,0.20697683665582461,0.2895586876069734,0.0010310708422227252,107.15713052622104,0.6530698095450438
5,28,0.5150321902613095,0.5150321902613095,family_aware_metric_loss,4,1,12,0.33546268506799337,0.30194826867370983,0.0006102860771572537,93.09167854219717,0.6863365025328341
5,29,0.5262256198059648,0.5262256198059648,family_aware_metric_loss,5,1,11,0.16756843736944652,0.49193453276337995,0.0010261416281434142,85.94585237374163,0.4129429152699472
5,30,0.5188034553640879,0.5188034553640879,family_aware_metric_loss,5,1,11,0.21095788646425315,0.44224747966351274,0.0007790588515345957,138.68425346613085,0.5727846015227702
5,31,0.5144730613641281,0.5144730613641281,family_aware_metric_loss,6,0,11,0.2373169102817148,0.4289817740678805,0.0013032042544473047,55.200175218673266,0.5329272428393826
5,32,0.5398332518593764,0.5398332518593764,family_aware_metric_loss,4,0,13,0.24526826245567346,0.41346114738335943,0.0005670815761988961,78.85166397940951,0.43408655392581286
5,33,0.535875632007742,0.535875632007742,family_aware_metric_loss,4,2,11,0.18650365362043397,0.4562262946589531,0.000990570521966324,79.97401600186201,0.631009898950076
5,34,0.5105379336497665,0.5105379336497665,family_aware_metric_loss,7,0,10,0.2947374717180351,0.5312328996627592,0.000841029090258924,49.92409746134532,0.5256038832295
5,35,0.49846968235461,0.49846968235461,family_aware_metric_loss,6,1,10,0.337595205291177,0.2911553086948883,0.0015647469765411612,144.04426859742335,0.615952925162512
5,36,0.5206247899781823,0.5206247899781823,family_aware_metric_loss,4,2,11,0.21907898656540067,0.2599364946685535,0.0006663429041962982,98.62994460074458,0.5527372782107811
5,37,0.5193681415848626,0.5193681415848626,family_aware_metric_loss,5,1,11,0.1918262829251307,0.5411625534099107,0.0011837293574045531,80.25641097052421,0.5252647410498501
5,38,0.5411713853755664,0.5411713853755664,family_aware_metric_loss,5,0,12,0.403345270392227,0.5085881771504365,0.0005448300399378059,120.29137386984321,0.6964762530571453
5,39,0.5141343734379653,0.5141343734379653,family_aware_metric_loss,5,1,11,0.22894769065144258,0.2616796927802408,0.0009172830869102073,69.21462482887699,0.4466018568563288
5,40,0.5231157290050892,0.5231157290050892,family_aware_metric_loss,4,2,11,0.16521453250240678,0.31976889018881777,0.000769849684908592,118.13183887633363,0.5279195548372497
5,41,0.5274976820880073,0.5274976820880073,family_aware_metric_loss,5,1,11,0.24633529352984534,0.4422000034032785,0.0013119013770885929,67.45151559734285,0.5926508375484152
5,42,0.5299734543332209,0.5299734543332209,family_aware_metric_loss,4,2,11,0.2434607996421646,0.4639343942399505,0.0007119812063796842,127.95713432873846,0.41357678950777244
5,43,0.4775592542197419,0.4775592542197419,family_aware_metric_loss,7,0,10,0.3871672639036477,0.197509451869839,0.001182456463024969,71.33991033909835,0.6815081922731845
5,44,0.5479060181839717,0.5479060181839717,family_aware_metric_loss,4,1,12,0.525959874908754,0.22910345107895305,0.0004961996945816303,55.236709373692825,0.6619846844225867
5,45,0.5205412228740819,0.5205412228740819,family_aware_metric_loss,5,1,11,0.16814923830221548,0.38646691852804693,0.0008740498977656978,157.68698758522217,0.4672257380216416
5,46,0.52859493155212,0.52859493155212,family_aware_metric_loss,5,0,12,0.23514851750087473,0.3733831155210188,0.0007138315096834099,80.0143226128031,0.6201947601109539
5,47,0.5028207500608299,0.5028207500608299,family_aware_metric_loss,5,2,10,0.13625506044833843,0.285954974392391,0.0012083887837364574,108.38265380508237,0.48964138724287976
